title,content,keywords
"The First Tradition: The Masquerade","The defining law of the Camarilla and the foundation of modern Kindred survival. It commands that vampires must not reveal their true nature to those not of the Blood. Doing so forfeits one's rights of Domain and usually their life. In the modern nights of the Second Inquisition, this Tradition is enforced with paranoid absolute zero-tolerance.","first tradition,secrecy,hiding,camarilla law,mortal ignorance"
"The Second Tradition: The Domain","The law governing territory and respect within a Prince's city. It dictates that a Kindred's haven is their castle, sovereign and inviolate to others without invitation. In Greater Asheville, this extends to specific Feeding Territories assigned by the Seneschal, where poaching is considered a violation of the Second Tradition.","second tradition,territory,haven,sovereignty,trespassing,feeding rights"
"The Third Tradition: The Progeny","The restriction on creating new vampires. It mandates that a Kindred must have the permission of their Elder (the Prince) to sire. Creating a childe without permission is a capital offense, often resulting in the destruction of both the sire and the unauthorized neonate. In Asheville, Prince Tallula was known to grant this right sparingly, often as a reward for significant service.","third tradition,siring,progeny,creation,embrace,permission,population control"
"The Fourth Tradition: The Accounting","The law of responsibility. Until a Childe is released (acknowledged) by their Sire, the Sire commands them and bears the burden of their sins. If a Childe breaches the Masquerade or insults an Elder, the Sire suffers the punishment. This period of tutelage ensures new Kindred understand the nuances of the Jyhad before being granted independent status.","fourth tradition,responsibility,sire and childe,tutelage,accountability,release"
"The Fifth Tradition: Hospitality","The courtesy of travel and introduction. Kindred entering a new domain must present themselves to the Prince or their proxy (usually the Sheriff or Seneschal) to acknowledge their authority and request the right to remain. In Asheville, this presentation is often done at Elysium or directly to the Seneschal, Big Ben, prior to his disappearance.","fifth tradition,travel,guest rights,presentation,politeness,foreigners"
"The Sixth Tradition: Destruction","The right of life and death, reserved solely for the Elder (the Prince). No Kindred is permitted to destroy another of their kind without the sanction of the Prince, known as the Blood Hunt or Lextalionis. This tradition prevents the domain from descending into chaos and vendetta, concentrating the monopoly of violence in the hands of the ruler.","sixth tradition,killing,murder,blood hunt,lextalionis,prince's right"
"Prince Tallula Donegan","The Toreador Prince of the Land of the Sky (Greater Asheville). A former Sabbat Archbishop of Appalachia who defected to the Camarilla in 1991, bringing the city with her. She is known for her impeccable style, ruthless pragmatism, and a distinct love for high-stakes politics. Currently rumored to be in South America or missing, leaving a power vacuum in the domain.","ruler of asheville,ex-sabbat,archbishop defector,toreador elder,sovereign"
"Seneschal Big Ben","The right hand of Prince Tallula, a massive and imposing Elder whose clan is a subject of much speculation (rumored Brujah). He defected alongside Tallula in 1991 and handled the administrative grit of the domain. His recent disappearance (Dec 2024) has destabilized the court infrastructure.","seneschal,administrator,missing elder,tallula's enforcer,mystery clan"
"Oliver","The former Nosferatu Sheriff of Greater Asheville, known for his gruff demeanor and the catchphrase 'Start shit, get hit'. He served as the domain's physical enforcer since the 1991 flip. Rumors persist that he may have a Sabbat alter-ego named 'Twist', the Ductus of the Murder Piñata pack. He is currently missing.","sheriff,law enforcement,nosferatu ancilla,twist,murder piñata,double agent"
"E.W. Grove","The former Ventrue Keeper if Elysium and a legendary architect. He is the mastermind behind the Grove Park Inn and the Grove Arcade. He faked his death in 1927 and has a complicated history involving a betrayal of Prince Evander to the Sabbat in 1914, before defecting back to the Camarilla with Tallula in 1991.","keeper of elysium,architect,ventrue,traitor,grove park inn,builder"
"Sister Tiffany","A Malkavian Ancilla and the domain's former Harpy. In life, she was a nun and civil rights organizer. She arrived in Asheville in 1992 to help the domain transition from Sabbat brutality to Camarilla civility. She wields social status as a weapon and ensures the scandals of the city are properly recorded and punished.","harpy,social arbiter,malkavian nun,gossip,status manager"
"Svetlana Volshebnik","An Elder Tremere and former advisor to the court. She was sent to Asheville in 1991 to oversee the transition of the domain from Sabbat to Camarilla hands. While she holds no voting seat, her influence as a liaison and occult expert is undeniable. She battles against local infernalism and Sabbat infiltration.","tremere advisor,elder occultist,transition team,magic user,political liaison"
"Baron Schaefer","The Brujah Baron of Mars Hill and a key Anarch figure. he controls the Mars Hill University library, a repository of lore often considered heretical or forbidden by the Camarilla. He remained neutral during the 1991 domain flip and maintains a tense but functional peace with the Tower.","anarch baron,mars hill,librarian,brujah,lore keeper,neutral party"
"The Weather (Radio Show)","A pirate radio broadcast hosted by the reclusive Nosferatu Ken Dances. It serves as a news source and coded communication network for the Kindred of Asheville. The show features an eclectic mix of music and cryptic warnings about hunters, Sabbat movements, and masquerade breaches.","pirate radio,ken dances,communication network,nosferatu media,coded messages"
"Sabbat Coin ('bbat coin)","A rare gold coin minted at the Dahlonega Mint, used as an informal currency among the Sabbat and independent Kindred of Appalachia. Legend says they were seized by Tallula Donegan from Southern Lords during the Civil War. One coin is roughly equivalent to a Minor Boon in value.","currency,gold coin,minor boon,dahlonega mint,underground trade"
"Yule Tied","A Lasombra-led Sabbat pack stationed at Montreat College in Black Mountain. Led by Ductus Lucien Blake, they are Traditionalists who cling to the old rituals of the Sword of Caine. They are a constant thorn in the side of the Asheville Camarilla, representing the old regime that refuses to die.","sabbat pack,lasombra,montreat,lucien blake,traditionalists,antagonists"
"Cast and Crew of Mallori Mayhem","A media-savvy Sabbat pack led by the chaotic Malkavian antitribu Mallori Mayhem. They utilize social media and flash-mob tactics to disrupt the Masquerade and terrorize the Kine. They view the Gehenna War as a form of performance art and are based out of the digital shadows.","sabbat pack,malkavian antitribu,media manipulators,chaos,mallori mayhem"
"Murder Piñata","A hyper-violent Sabbat pack dedicated to the destruction of Prince Tallula and her 'traitor' regime. Led by the Nosferatu Twist, they specialize in psychological warfare and physical devastation. Rumors suggest a deep connection between Twist and the Camarilla Sheriff Oliver.","sabbat pack,combat specialists,twist,assassins,war pack,nosferatu"
"Old Guard","A Sabbat pack of Tallula loyalists who refused to defect with her but remain strangely protective of her interests. Based in Hendersonville, they are led by Merriam Walker (Ventrue antitribu). They represent the complex web of loyalty and betrayal that defines the Asheville Sabbat.","sabbat pack,loyalists,hendersonville,merriam walker,ventrue antitribu,crusaders"
"Southern Hospitality","A Tzimisce pack comprised of the bratovich family, based in Maggie Valley. They employ 'hillbilly horror' tactics, using flesh-crafted ghouls and traps to secure their territory. Led by Mama Jane Bratovich, they are the nightmares of the rural mountain roads.","sabbat pack,tzimisce,bratovich family,fleshcrafters,maggie valley,hillbilly horror"
"The Hushed Puppies","A Sabbat pack specializing in transportation, smuggling, and criminal logistics. Led by Big Bird, a Nosferatu monster. They facilitate the movement of Sabbat assets into and out of the region, making them a priority target for the Sheriff's office.","sabbat pack,smugglers,logistics,big bird,transport,criminal network"
"Maximum Fatality","A violent Brujah/biker pack based in Canton, led by Rex 'The Dick' Morst. They are eager for open war with the Camarilla and often clash with the Sheriff's deputies. They represent the brute force aspect of the Sword of Caine.","sabbat pack,brujah bikers,canton,rex morst,combat,war mongers"
"The Hex","A Nocturne Rock band pioneered by the vampire Zephyr. Their music contains subliminal messaging and has been scrubbed from the internet by the Camarilla. Their vinyl record, 'Dark Selina', is a coveted occult artifact believed to hold keys to Sabbat lore or mind control.","band,zephyr,occult music,subliminal messages,masquerade breach,vinyl"
"Judeculla Rock","An ancient site of power located in the mountains, linked to the Salubri lineage and the Antediluvian Saulot. It is a place of pilgrimage for those seeking Golconda or hidden Noddist lore, but is strictly guarded and dangerous to approach.","ancient site,salubri,saulot,noddist lore,magic location,mountain mystery"
"Basilica of St. Lawrence","The primary Elysium of Greater Asheville. It features the largest freestanding dome on the East Coast and houses deep catacombs used for secure meetings. The sanctity of this holy ground is fiercely protected by the Keeper and the Sheriff.","elysium,main haven,meeting place,catacombs,sanctuary,st lawrence"
"Grove Park Inn","The personal domain of Keeper E.W. Grove and a secondary Elysium. This sprawling historic hotel is a fortress of influence and luxury. It is rumored to have secret passages and rooms constructed by Grove specifically for Kindred needs.","elysium,hotel,grove's haven,luxury,historic site,meeting ground"
"Mars Hill University","The stronghold of the Anarch Baron Schaefer. It houses a vast library of occult and Kindred texts that are banned in Camarilla domains. It serves as a neutral ground for scholars willing to risk the Prince's displeasure to learn the truth.","anarch territory,library,occult research,baron schaefer,university,neutral ground"
"The Biltmore Estate","A forbidden territory within Greater Asheville. By ancient treaty with the Lupines (Werewolves), no Kindred is permitted to enter the grounds. It was formerly the haven of Prince Evander before his destruction. Breaching this boundary acts as a declaration of war against the shifters.","forbidden zone,lupine territory,werewolves,biltmore,treaty violation,danger"
"Crossroads Music Studio","A recording studio in Arden that was the site of a massive Masquerade breach orchestrated by Zephyr in 2025. The resulting fire and media fallout have made it a scar on the domain's reputation and a focus for Second Inquisition scrutiny.","breach site,fire,zephyr,masquerade violation,arden,ruins"
"Firestorm Cafe","A popular neutral ground and meeting spot for Kindred of all sects and clans. While not officially Elysium, it operates under a tacit truce enforced by its mysterious proprietors. It is a hub for gossip, trading favors, and arranging informal deals.","meeting spot,neutral ground,cafe,social hub,gossip center,informal elysium"
"North Carolina Arboretum","A secondary Elysium established in 2001, featuring extensive gardens and an arena designated for ritual combat and duels. It allows for the resolution of grievances in a controlled environment under the supervision of the Master of Elysium.","elysium,arboretum,dueling ground,nature,ritual combat,gardens"
"Feeding Territory: The Rack","Two specific blocks in downtown Asheville reserved for visiting Kindred and those without their own domain. It is a high-traffic nightlife area. Resident Kindred with assigned territories are forbidden from hunting here to ensure hospitality for guests.","hunting ground,the rack,visitor feeding,downtown,nightlife,open territory"
"Appalachian Covenant Militia (ACM)","A localized hunter organization rooted in Baptist doctrine and mountain survivalism. They view vampires as demons and utilize guerrilla tactics and faith-based weaponry. They are a persistent low-level threat to Kindred operating in the rural outskirts.","hunters,militia,religious fanatics,antagonists,acm,human threat"
"Gideon's Chosen Few","A sophisticated and well-funded hunter network operating a compound near Swannanoa. They view themselves as holy knights on a crusade. Unlike the ACM, they possess advanced technology and tactical training, making them a severe threat to the Masquerade.","hunters,GFC,gideon,holy warriors,high-tech threat"
"Justicar Ulugh Begh","The Tremere Justicar, recently appointed to replace Anastasz di Zagreb. He has taken a hardline stance against the Sabbat and is rumored to be critical of the Asheville domain's 'lax' history with the Sword of Caine. His Archon, Ferrum Civis, was recently destroyed in Asheville.","justicar,tremere,antagonist,political threat,hardliner,camerilla leadership"
"Justicar Madame Guil","The Toreador Justicar, known for her terrifying ruthlessness and the execution of 'untouchable' Elders. She is an ally of Prince Tallula, which has afforded Asheville some protection from central Camarilla scrutiny, though that shield is weakening.","justicar,toreador,ally,executioner,political protection,ruthless"
"Daveed Fourié","Banu Haqim Ancilla and the current Prince of Greater Asheville (following Tallula's disappearance). He faces the monumental task of holding the domain together against Sabbat incursions, Anarch unrest, and the scrutiny of the Justicariate.","prince daveed,daveed,banu haqim,new ruler,ancilla,political pressure"
"Manfred von Kassel","Lasombra Ancilla and the current Sheriff of Greater Asheville. He is responsible for the martial defense of the city. As a Lasombra in the Camarilla, he faces constant suspicion but has proven his loyalty through effective enforcement of the Traditions.","sheriff manfred,lasombra,enforcer,martial leader,camarilla convert"
"Ursula Walker","Gangrel Ancilla and the current Seneschal of Greater Asheville. She manages the day-to-day operations of the domain, the allocation of feeding rights, and the granting of Havens. She is a pragmatic stabilizer in a chaotic court.","seneschal ursula,gangrel,administrator,second in command,pragmatist"
"Cassandra Grey","Malkavian Ancilla and Primogen. She is a seer and investigator, deeply involved in unraveling the mysteries of the Sabbat's movements and the internal threats to the domain. She recently sought tutelage in Necromancy.","malkavian primogen,seer,investigator,cassandra,mystic"
"Isabella María","Banu Haqim Ancilla and Primogen. She represents the children of Haqim in the city and is a skilled warrior and diplomat. She is currently navigating the complex politics of her clan's full integration into the Camarilla.","banu haqim primogen,diplomat,warrior,isabella,clan representative"
"Robert Fraser","Gangrel Ancilla and Primogen. He represents the Beasts of the domain. His primary concern is the encroaching threat of the Lupines and the security of the rural borders of Greater Asheville.","gangrel primogen,wilderness expert,robert fraser,beast,border security"
"Arcady Sabo","Lasombra Neonate and Primogen. A young but ambitious Shadow, he represents his clan's interests and strives to prove that the Lasombra are a pillar of the Ivory Tower, not its enemy. He is involved in the financial and political spheres.","lasombra primogen,neonate,ambitious,arcady,political climber"
"Puck Burbage","Toreador Ancilla and Primogen. A prominent artist and socialite, Puck manages the artistic soul of the city and the preservation of the Toreador's influence. They are deeply involved in the social maneuvering of Elysium.","toreador primogen,artist,socialite,puck,elysium politics"
"Nito","Tremere Neonate and Primogen. A young Warlock thrust into a position of power. He deals with the magical threats to the city, including the Sabbat's Koldunic sorcery and the recent disturbances in the ghostly shroud.","tremere primogen,warlock,nito,magic defense,neonate leader"
"Rafferty","Ventrue Ancilla and Primogen. A business magnate and enforcer of the Ventrue ethic of leadership. He ensures the financial stability of the domain and the adherence to the protocols of lineage and dignity.","ventrue primogen,businessman,rafferty,leader,financial stability"
"Biafra","Nosferatu Neonate and Deputy Scourge. A terrifying investigator and enforcer who hunts the unacknowledged and the enemies of the Prince. He uses his skills in obfuscation and combat to patrol the shadows.","deputy scourge,nosferatu,hunter,biafra,enforcer"
"Bill Colson","Ventrue Ancilla and Deputy Scourge. A more formal enforcer of the Prince's will, ensuring that those who violate the hospitality of the domain are removed or punished. He works in tandem with the Sheriff's office.","deputy scourge,ventrue,enforcer,bill colson,lawman"
"Pretty Boy Slim","Toreador Ancilla and Deputy Sheriff. A combat-capable Toreador who defies the stereotype of the effete artist. He assists Sheriff Manfred in the physical defense of the Masquerade.","deputy sheriff,toreador,fighter,pretty boy slim,enforcer"
"Mercy Merriman","Brujah Elder and Whip. A fiery orator and seasoned warrior of the clan of the Learned. She guides the younger Brujah and ensures their passion is directed towards the enemies of the Tower rather than its foundations.","brujah whip,elder,mercy,orator,warrior"
"Beau Brummell","Banu Haqim Elder and Whip. A sophisticated and dangerous Assamite who enforces the internal discipline of his clan. He is a master of the silent knife and the diplomatic word.","banu haqim whip,elder,assassin,beau brummell,diplomat"
"Esmerelda Camazot Yuritzi","Gangrel Elder and Whip. An ancient and primal force within the clan. She guides the Gangrel in their connection to the Beast and the land, ensuring they remain useful guardians of the domain.","gangrel whip,elder,primitive,esmerelda,guide"
"Ophelia","Malkavian Neonate and Whip. A cryptic and insightful voice among the Lunatics. She helps interpret the madness of her clanmates and channel their insights into useful intelligence for the Primogen.","malkavian whip,neonate,seer,ophelia,interpreter"
"Tristan de Lovette","Toreador Elder and Whip. A master of the social game and a manipulator of emotions. Tristan ensures the Toreador remain at the pinnacle of the city's social hierarchy.","toreador whip,elder,social master,tristan,manipulator"
"Bugs","Nosferatu Ancilla and Master Harpy. The successor to Sister Tiffany, Bugs now controls the flow of status and scandal in Greater Asheville. Their word can make or break a Kindred's reputation in the court.","master harpy,nosferatu,gossip monger,bugs,status judge"
"xX_DarkRat_Xx","Nosferatu Neonate and Keeper of Elysium. A tech-savvy Nosferatu who maintains the security and sanctity of the domain's meeting places. They utilize modern surveillance to monitor Elysium for breaches.","keeper of elysium,nosferatu,hacker,darkrat,security"
"Erin Yesse","Brujah Neonate and Enforcer. A street-level fighter and protector of the domain. Erin is often on the front lines against Sabbat incursions and breaches of the peace.","brujah enforcer,neonate,fighter,erin yesse,protector"
"Morgan 9's Doan","Gangrel Ancilla and Enforcer. A wilderness scout and combatant who patrols the borders of the city, intercepting threats before they reach the urban center.","gangrel enforcer,scout,fighter,morgan doan,border patrol"
"Clan Ventrue","The Clan of Kings. They value hierarchy, lineage, and the power to command. Their signature powers are Dominate (mental control), Fortitude (supernatural resilience), and Presence (emotional manipulation). They suffer from a rarefied palate, able to feed only from a specific type of vessel.","clan of kings,leaders,blue bloods,dominate,fortitude,presence,rarefied palate"
"Clan Toreador","The Clan of the Rose. They are artists, critics, and hedonists who value beauty and passion above all. Their powers are Auspex (heightened senses), Celerity (supernatural speed), and Presence (attraction/fear). They are often distracted by beauty, freezing in awe of artistic perfection.","clan of the rose,artists,hedonists,auspex,celerity,presence,entrancement"
"Clan Tremere","The Clan of Warlocks. Former mages who stole immortality through blood sorcery. They are a pyramid scheme of occult power. Their unique discipline is Thaumaturgy (Blood Sorcery), alongside Auspex and Dominate. They are bound by a rigid hierarchy and often distrusted by other clans.","clan of warlocks,blood sorcerers,thaumaturgy,auspex,dominate,pyramid"
"Clan Nosferatu","The Clan of the Hidden. Twisted by the curse of Caine into hideous monsters, they hide in the sewers and shadows. They are the spymasters of the Kindred. Their powers are Animalism, Obfuscate (invisibility), and Potence (super strength). Their flaw is their horrific appearance, which breaches the Masquerade instantly.","clan of the hidden,sewer rats,spies,animalism,obfuscate,potence,horrific appearance"
"Clan Malkavian","The Clan of the Moon. Cursed with insanity, they see truths others miss. They are oracles and madmen. Their powers include Auspex, Obfuscate, and Dementation (spreading madness). Every Malkavian suffers from at least one permanent, incurable mental derangement.","clan of the moon,lunatics,seers,auspex,obfuscate,dementation,insanity"
"Clan Brujah","The Clan of the Learned (Rabble). Once philosopher-kings, now rebels and punks. They are prone to frenzy and value freedom and change. Their powers are Celerity, Potence, and Presence. They suffer from a short temper, increasing the difficulty to resist frenzy.","clan of the learned,rebels,brujah,celerity,potence,presence,short temper"
"Clan Gangrel","The Clan of the Beast. They are closer to their feral nature than any other clan, often living in the wild. Their powers are Animalism, Fortitude, and Protean (shapeshifting). When they frenzy, they gain temporary animal features. They are the outriders and scouts of the Camarilla.","clan of the beast,outlanders,gangrel,animalism,fortitude,protean,animal features"
"Clan Lasombra","The Clan of Night (Magisters). Formerly leaders of the Sabbat, many have defected to the Camarilla. They are social Darwinists who value strength and excellence. Their signature power is Obtenebration (control of shadows), along with Dominate and Potence. They cast no reflection in mirrors.","clan of night,magisters,shadows,obtenebration,dominate,potence,no reflection"
"Clan Banu Haqim (Assamite)","The Clan of the Hunt. Judges, warriors, and viziers from the Middle East who recently joined the Camarilla. They utilize Quietus (silence/poison), Celerity, and Obfuscate. Their curse involves a darkening of the skin with age or a hunger for vampire blood (depending on caste).","clan of the hunt,judges,assamites,quietus,celerity,obfuscate,blood addiction"
"Caitiff","The Clanless. Vampires who do not share the specific traits or social acceptance of a parent clan. They are often treated as second-class citizens or mistakes. They can learn any discipline but lack the social support structure of a clan.","clanless,outcasts,caitiff,no lineage,pariahs"
"The Sabbat (The Sword of Caine)","A sect of vampires who reject the Masquerade and believe they should rule over humanity as gods. They are sworn enemies of the Antediluvians and the Camarilla. They practice the Vaulderie (blood sharing) to break blood bonds and create pack loyalty.","sect,sword of caine,antagonists,monsters,vaulderie,inhuman"
"The Camarilla (The Ivory Tower)","The dominant sect of vampires in the Western world. They enforce the Masquerade and the Traditions to hide from humanity and preserve their existence. They are a gerontocracy ruled by the oldest vampires.","sect,ivory tower,traditions,masquerade,government,hierarchy"
"The Anarch Movement","A sect of vampires who reject the rigid hierarchy of the Camarilla but still mostly uphold the Masquerade. They value freedom and equality (in theory) and often hold territory in 'Free States'. Baron Schaefer runs the local Anarch pocket in Mars Hill.","sect,rebels,freedom fighters,anarchs,barons,revolution"
"Discipline: Dominate","The power of mental compulsion and command. Used primarily by Ventrue, Tremere, and Lasombra to force obedience, erase memories, or rewrite personalities. It requires eye contact and a shared language.","mental control,command,mesmerize,forgetful mind,conditioning,possession"
"Discipline: Auspex","The power of heightened senses and extrasensory perception. Used by Toreador, Malkavians, and Tremere to see invisible things, read auras, and project their consciousness astrally.","heightened senses,aura reading,psychometry,astral projection,telepathy"
"Discipline: Celerity","The power of supernatural speed. Used by Brujah, Toreador, and Banu Haqim to move faster than the eye can follow, gaining extra actions in combat and dodging attacks with ease.","super speed,rapidity,alacrity,extra actions,reflexes"
"Discipline: Potence","The power of supernatural strength. Used by Brujah, Nosferatu, and Lasombra to crush stone, lift cars, and deal devastating damage in melee combat. It is the raw physical might of the Blood.","super strength,might,vigor,crushing blow,destruction"
"Discipline: Fortitude","The power of supernatural resilience. Used by Ventrue, Gangrel, and Ravnos to soak damage that would pulverize a mortal, including fire and sunlight (to a degree). It is the shield of the immortal.","resilience,toughness,soak,endurance,invulnerability"
"Discipline: Obfuscate","The power of supernatural concealment. Used by Nosferatu, Malkavians, and Banu Haqim to cloud the minds of observers, becoming effectively invisible. It can also be used to disguise one's appearance.","invisibility,concealment,mask of a thousand faces,stealth,hiding"
"Discipline: Presence","The power of emotional manipulation. Used by Toreador, Ventrue, and Brujah to attract, terrify, or command the attention of others without direct mind control. It works on crowds and sways emotions.","awe,majesty,fear,dread gaze,entrancement,charisma"
"Discipline: Animalism","The power to communicate with and command the beast within animals and Kindred. Used by Gangrel and Nosferatu to summon swarms, ride the minds of beasts, and quell the frenzy of other vampires.","animal control,beast mastery,feral whispers,quell the beast,familiars"
"Discipline: Protean","The power of shapeshifting. The signature discipline of the Gangrel, allowing them to grow claws, see in the dark, turn into a mist, or transform into a wolf or bat.","shapeshifting,claws,earth meld,mist form,transformation"
"Discipline: Thaumaturgy (Blood Sorcery)","The jealously guarded magic of Clan Tremere. It is versatile and dangerous, capable of boiling blood, moving objects with the mind, or summoning fire. It is divided into Paths (like Path of Blood) and Rituals.","blood magic,sorcery,rituals,path of blood,tremere secret"
"Discipline: Obtenebration","The power to manipulate darkness and shadows, tapping into the Abyss. The signature power of the Lasombra. Users can create tentacles of shadow, shroud areas in pitch blackness, or become a shadow themselves.","shadow manipulation,abyss,darkness,arms of the abyss,shadow form"
"Discipline: Dementation","The power to externalize madness. Originally unique to the Malkavians, it allows the user to inflict hysteria, hallucinations, and confusion upon victims, sharing the clan's curse with the world.","madness,insanity,hysteria,hallucinations,mind breaking"
"Discipline: Quietus","The silent art of death practiced by the Banu Haqim. It involves silencing sounds, creating virulent blood poisons, and eroding the stamina of victims. It is the tool of the assassin.","silence,poison,blood sweat,assassination,death arts"
"Discipline: Vicissitude","The alien power of flesh and bone crafting, practiced by the Tzimisce. It allows the user to mold living tissue like clay, creating beautiful or horrific alterations to themselves and others.","fleshcrafting,bonecrafting,tzimisce,body horror,transformation"
"Discipline: Necromancy","The magic of death and souls, practiced by the Giovanni and some other bloodlines. It allows communication with wraiths, raising zombies, and manipulating the entropy of life.","death magic,ghosts,wraiths,zombies,giovanni,soul manipulation"
"Golconda","A mythical state of enlightenment and balance between the Man and the Beast. Kindred who achieve it are said to master their hunger and frenzy, finding peace in their damnation. It is the ultimate spiritual goal for many, though few attain it.","enlightenment,peace,mastery of beast,salvation,myth"
"The Book of Nod","The sacred text of the Kindred (specifically Noddists and the Sabbat), detailing the history of Caine, the First City, and the prophecy of Gehenna. The Camarilla often suppresses it as dangerous superstition.","scripture,caine's history,prophecy,gehenna,noddist lore"
"Gehenna","The prophesied end times when the Antediluvians will rise from torpor to devour their children. The Sabbat fights a war to prevent this, while the Camarilla traditionally denied its existence (until recently).","apocalypse,end times,antediluvians rising,judgment day,vampire armageddon"
"The Antediluvians","The progenitors of the thirteen clans, generally of the 3rd Generation. They are god-like beings of immense power sleeping in the earth. Their waking is the harbinger of Gehenna.","clan founders,ancients,gods,3rd generation,sleeping threats"
"Methuselah","A vampire of the 4th or 5th generation, usually thousands of years old. They are incredibly powerful and often manipulate the Jyhad from the shadows.","ancient,4th generation,5th generation,puppet master,godlike"
"The Jyhad","The eternal, secret war played out between the Antediluvians and Methuselahs, using younger vampires as pawns. It is the great game of manipulation that defines Kindred history.","eternal struggle,great game,manipulation,war of ages,puppet show"
"Blood Bond (Vinculum)","A mystical emotional slavery created by drinking the blood of another vampire three times. The thrall becomes obsessively loyal to the regnant. The Sabbat uses a communal version called the Vaulderie to bond packs to each other rather than a master.","slavery,emotional control,thrall,regnant,three drinks,loyalty"
"Diablerie (The Amaranth)","The act of draining a vampire to the point of final death and then consuming their soul. It allows the diablerist to lower their generation and gain power, but stains their aura with black veins. It is the ultimate crime in the Camarilla.","soul eating,cannibalism,generation drop,ultimate crime,aura stain"
"Ghoul","A human fed vampire blood without being drained. They gain extended life, potence, and stopped aging, but become blood-bound addicts loyal to their domitor.","servant,blood addict,retainer,human servant,domitor"
"Elysium","A designated safe zone within a domain where violence is strictly prohibited. It is a place for social gathering, politics, and art. The Keeper of Elysium enforces the peace here. In Asheville, the Basilica and Grove Park Inn are key Elysia.","safe zone,no violence,social ground,sanctuary,peace"
"The Rack","The prime feeding grounds of a city, usually the club district or red-light district. Access to the Rack is a privilege granted by the Prince or Seneschal.","hunting ground,club district,easy feeding,prime territory,privilege"
"Status","The currency of social standing in the Camarilla. Traits like 'Acknowledged', 'Ancilla', or 'Elder' define a vampire's rights and influence. Status is granted by the Prince and stripped by the Harpy.","social standing,reputation,rank,influence,prestige"
"Boon","A favor owed between vampires. It is the economy of the Kindred. Boons are recorded by the Harpy and must be repaid. Categories include Trivial, Minor, Major, and Life Boons.","favor,debt,currency,obligation,repayment"
"The Scourge","A court official responsible for thinning the population of the domain. They hunt down Caitiff, unauthorized childer, and Thin-bloods to keep the vampire population sustainable and pure.","thin-blood hunter,population control,killer,court officer,caitiff slayer"
"The Harpy","The master of Elysium's social court (distinct from the Keeper). They record boons, announce status, and judge scandals. A Harpy's word can ruin a vampire's social life.","gossip,status keeper,judge,boon recorder,socialite"
"The Keeper of Elysium","The court officer responsible for the physical safety and maintenance of Elysium. They have the authority to confiscate weapons and expel troublemakers from the safe zone.","elysium guard,host,safety officer,event planner,pacifist enforcer"
"The Sheriff","The martial enforcer of the Prince's laws. They investigate crimes, hunt criminals, and lead the domain's defense in times of war. They often appoint Deputies (Hounds) to assist them.","police,enforcer,investigator,martial leader,prince's sword"
"The Seneschal","The Prince's right hand and administrator. They handle the boring details of ruling, manage schedules, and stand in for the Prince when they are unavailable.","administrator,deputy prince,manager,secretary,second in command"
"Primogen","The council of advisors to the Prince, usually representing the interests of their respective clans. They are the elders who check the Prince's power and advocate for their lineage.","advisor,council,clan leader,elder representative,legislature"
"Whip","The assistant to a Primogen. They act as a whip-cracker to keep the clan members in line and ensure the Primogen's orders are followed. They are often younger, ambitious Ancillae.","assistant,clan enforcer,primogen's aide,junior leader"
"Ancilla","A vampire who has proven themselves valuable and survived usually 50-200 years. They are the middle management of the Camarilla, stuck between the neonates and the elders.","rank,middle class,experienced,proven,ambitious"
"Neonate","A young vampire, recently released from their sire's accounting (usually less than 50 years active). They have full rights but little respect or power.","young vampire,newly released,rookie,low rank,beginner"
"Fledgling","A brand new vampire still under the protection and accounting of their sire. They are not yet full members of Camarilla society and have no rights of their own.","child,unreleased,apprentice,protected,no status"
"Elder","A vampire of significant age (usually 300+ years) and generation. They hold the true power in the Camarilla and are masters of the Jyhad.","ancient,ruler,powerful,300+ years,master"
"Caitiff","A vampire with no clan characteristics, often abandoned by their sire. They are social pariahs.","clanless,bastard,outcast,no status"
"Thin-blood","A vampire of the 14th or 15th generation. Their blood is too weak to embrace properly or fuel disciplines efficiently. They are viewed as harbingers of Gehenna and are often hunted by the Scourge.","weak blood,14th gen,15th gen,daywalker,omen"
"Humanity","The moral code that keeps the Beast at bay. Vampires must maintain their connection to their human nature or risk falling to the Beast and becoming a mindless monster (Wight).","morality,conscience,beast control,sanity,soul"
"The Beast","The primal, predatory drive within every vampire that urges them to kill, feed, and destroy. It is the source of frenzy and the enemy of Humanity.","predator,instinct,hunger,rage,monster within"
"Frenzy","A state where the Beast takes control. Triggered by hunger, anger, or fear (Rötschreck). The vampire becomes a mindless killing machine or flees in blind panic.","loss of control,rage,panic,rotschreck,beast takeover"
"Torpor","The death-sleep of vampires. When injured severely or starved, a vampire enters a coma-like state that can last from days to centuries. Ancient vampires sleep in torpor to wait out the ages.","coma,sleep,hibernation,healing,stasis"
"Vitae","The blood of a vampire. It is charged with supernatural energy, fueling disciplines, healing wounds, and waking the dead body each night.","vampire blood,fuel,energy,life force,power"
"Ghouling","The act of feeding vitae to a mortal to create a Ghoul servant.","servant creation,bonding,empowerment"
"Revenant","A rare type of ghoul born to a ghoul family (like the Bratovitch). They produce their own weak vitae and are naturally long-lived without needing constant feeding. Used by the Sabbat and Tzimisce.","born ghoul,breeding stock,tzimisce servant,naturally magical"
"Lupine","The Kindred term for Werewolves. Mortal enemies of vampires. They are viewed as savage demons who guard the wild places. A single Lupine can often destroy a whole coterie of vampires.","werewolf,enemy,shifter,savage,danger"
"Mage","A human with the power to alter reality (True Magick). The Tremere were once Mages who lost their avatars to become vampires. Mages are unpredictable and dangerous.","wizard,reality bender,willworker,dangerous mortal"
"Wraith","The ghost of a dead human. They exist in the Shadowlands. Necromancers (Giovanni/Tremere) can bind or bargain with them for information and spying.","ghost,spirit,dead soul,shadowlands,haunting"
"Changeling","A fae soul reborn in a human body. They are creatures of dreams and glamour. Kindred find them confusing and their blood (fae blood) has hallucinogenic properties.","fae,fairy,dreamer,glamour,hallucinogen"
"Hunter","Mortals who have discovered the existence of monsters and sworn to destroy them. The Second Inquisition is a global network of hunters using government intelligence and black ops.","inquisition,slayer,mortal enemy,threat,second inquisition"
"The Second Inquisition (SI)","The decentralized, global covert operation by human intelligence agencies (CIA, NSA, Vatican, etc.) to eradicate vampires. They burned the Vienna Chantry and London. They are the reason for the strict modern Masquerade.","hunters,government,surveillance,threat,purge"
"SchreckNET","The former Nosferatu internet network. It was compromised by the NSA/Second Inquisition, leading to the destruction of many vampires. It is now strictly forbidden to use unencrypted digital comms for Kindred business.","hacker network,compromised,danger,nosferatu tech,history"
"Lineage","The genealogy of a vampire. Who your sire is, who their sire was, back to the Antediluvian. Lineage determines social standing, especially in Clan Ventrue.","pedigree,ancestry,sire line,status source,history"
"Coterie","A small group of vampires who band together for mutual protection and political gain. The basic social unit of the Camarilla.","group,party,gang,allies,social unit"
"Pack","The Sabbat equivalent of a coterie, but bound by the Vaulderie and fanatical loyalty. They live and fight as a single unit.","sabbat group,warband,bound unit,gang,commune"
"Amaranth","A poetic term for Diablerie.","diablerie,soul eating,poetic term"
"Lextalionis","The Law of Retaliation. The code that allows for the Blood Hunt. Eye for an eye.","blood hunt,law of retaliation,death sentence"
"Praxis","The right to rule a domain. A Prince 'claims Praxis' to establish their authority. It must be supported by the Primogen and the capacity to enforce it.","right to rule,sovereignty,claim,princehood,authority"
"Justicar","The supreme judges and enforcers of the Camarilla, elected by the Inner Circle. They have the power to overrule Princes and command Archons. There is one for each Camarilla clan.","supreme judge,enforcer,inner circle,authority,commander"
"Archon","A subordinate to a Justicar. They rove the world enforcing the Justicar's will, investigating corruption, and hunting the Red List.","deputy,enforcer,agent,investigator,justicar's hand"
"Alastor","A specific type of Archon dedicated to hunting the Red List (the Anathema). They carry a special tattoo and have the authority to command any Camarilla vampire to assist them.","red list hunter,bounty hunter,special agent,authority"
"Red List (Anathema)","The 'Most Wanted' list of the Camarilla. Vampires who have committed crimes so heinous (usually infernalism, massive breaches, or ancient crimes) that their global destruction is mandated.","most wanted,kill on sight,criminals,enemies of state"
"Elysium: The Grove","A localized term for the Grove Park Inn Elysium under Keeper E.W. Grove.","location,haven,meeting place"
"The Sword of Caine","Another name for the Sabbat, emphasizing their role as the soldiers of the First Vampire against the Antediluvians.","sabbat title,warriors,religious name"
"The Ivory Tower","Another name for the Camarilla, emphasizing their isolation, elitism, and rigidity.","camarilla title,elitist,structure,metaphor"
"Anarch Free State","A territory where the Camarilla hierarchy is rejected, and Anarchs rule by committee or survival of the fittest. The most famous was Los Angeles before it fell.","rebel territory,liberated zone,anarch domain,no prince"
"Autarkis","A vampire who refuses to belong to any sect (Camarilla, Sabbat, or Anarch). They live independently, often in isolation.","independent,unaligned,hermit,neutral"
"Methuselah's Thirst","The curse that ancient vampires can no longer sustain themselves on human blood and must feed on the vitae of other vampires.","hunger,curse,elder flaw,cannibalism necessity"
"Rötschreck","The Red Fear. The terror induced by fire or sunlight. It causes an immediate, panic-fueled flight reflex in vampires.","fire fear,sun panic,cowardice,instinct"
"Wassail","The final frenzy where the vampire loses all Humanity and the Beast takes over permanently. The vampire becomes a Wight.","final frenzy,loss of soul,game over,beast win"
"Wight","A vampire who has undergone Wassail. They are mindless, language-less monsters who exist only to feed. They are hunted down by all sects.","monster,mindless,fallen,beast,kill on sight"
"Vaulderie","The Sabbat ritual of emptying blood into a communal chalice and drinking it. It breaks existing blood bonds and creates a Vinculum (loyalty bond) among the participants.","sabbat ritual,blood sharing,bond breaking,loyalty creation"
"Vinculum","The bond created by the Vaulderie. It is a web of loyalty varying in strength, binding a pack together emotionally.","pack bond,loyalty,sabbat tie,artificial love"
"Path of Enlightenment","Alternative moral codes used by the Sabbat (and some elders) to replace Humanity. They focus on control, conviction, or monstrosity (e.g., Path of Caine, Path of Night) to hold off the Beast without being 'human'.","alternative morality,sabbat code,beast control,philosophy"
"Path of Caine","A Sabbat path focusing on emulating Caine, the first vampire. Adherents seek to master their vampiric nature, learn blood sorcery, and diablerize to gain power closer to Caine.","noddist path,scholar,diablerist,cainite"
"Path of Cathari","A path of vice and excess. Adherents believe vampires are creatures of the material world and should indulge in every pleasure and sin to trap the soul in the body.","sinners,hedonists,vice,alcibiades"
"Path of Death and the Soul","A path practiced by Necromancers. It involves a detached, scientific study of death, souls, and entropy. Adherents are cold and emotionless.","necromancer path,scientific,cold,detached"
"Path of Feral Heart","A path for those who embrace the Beast. Adherents live as supreme predators, following the instincts of the wild. They are often Gangrel.","beast path,predator,feral,instinctive"
"Path of Honorable Accord","A path of knights and codes. Adherents value honor, loyalty, and duty above all. Often found among Sabbat Templars and Paladins.","knight path,honor,code,loyalty,paladin"
"Path of Lilith (Bahari)","A path that worships Lilith as the Dark Mother. Adherents seek wisdom through pain and suffering (giving and receiving). They are often enemies of Caine-worshippers.","lilith worship,pain,suffering,dark mother,heresy"
"Path of Metamorphosis","A Tzimisce path focused on evolving the body and soul through Vicissitude. Adherents view themselves as changing gods, discarding humanity for a higher state of being.","tzimisce path,evolution,fleshcrafting,transhumanism,godhood"
"Path of Night","A Lasombra path. Adherents believe they are the shadows sent by God to punish sinners. They accept their role as monsters and rulers of the dark.","lasombra path,shadows,punishers,monsters"
"Path of Power and the Inner Voice","A path of absolute rule. Adherents believe that power justifies itself and that the strong must rule the weak. Common among Sabbat leaders (Bishops/Cardinals).","leader path,power,dictator,machiavellian,rule"
"Palla Grande","A major Sabbat festival held on All Hallows' Eve. It is a masquerade ball of horror, often ending in a 'Blood Feast' where captured mortals are hunted and eaten.","sabbat holiday,festival,halloween,blood feast,horror party"
"Creation Rites","The Sabbat ritual of embracing new vampires. Often involves 'shovelheading'—draining a victim, feeding them blood, bashing them over the head with a shovel, and burying them. If they claw their way out, they are Sabbat.","sabbat embrace,shovelhead,brutal,survival of fittest"
"Monalisa","The slang term for the act of destroying a vampire's face or identity using Vicissitude or physical damage, often done by Sabbat to mocks the beautiful Toreador. (Contextual slang).","slang,insult,disfigurement"
"Kine","The Kindred term for mortals/humans. Literally 'cattle'.","humans,mortals,food,cattle"
"Kindred","The term vampires use for themselves. Implies they are all family (descended from Caine).","vampire,self-term,family,us"
"Antitribu","'Anti-tribe'. Vampires who have defected from their parent clan's main sect. (e.g., Ventrue antitribu in the Sabbat). They often display twisted versions of their clan traits.","defector,traitor,sabbat counterpart,twisted clan"
"Blood Doll","A mortal who willingly lets vampires feed on them, often addicted to the sensation of the Kiss (the pleasure of the bite).","willing victim,addict,vessel,toy"
"Masquerade Breach","Any action that reveals the existence of vampires to mortals. Using disciplines in public, showing fangs, or getting caught on camera. Results in swift punishment.","crime,exposure,danger,violation"
"Elysium: The Basilica","The Basilica of St. Lawrence in Asheville. The primary seat of courtly interaction.","location,court,haven,church"
"Ductus","The leader of a Sabbat pack. They handle the tactics and mission of the group.","pack leader,captain,sabbat rank,officer"
"Priest (Pack Priest)","The spiritual leader of a Sabbat pack. They lead the Vaulderie and Rites of Monomacy.","spiritual leader,ritualist,sabbat rank,guide"
"Abbot","The Sabbat pack member responsible for the maintenance and defense of the communal haven.","quartermaster,haven keeper,sabbat rank,defender"
"Bishop","A high-ranking Sabbat leader who oversees multiple packs in a city. Equivalent to a Primogen or Seneschal in power.","sabbat leader,overseer,high rank,clergy"
"Archbishop","The ruler of a Sabbat city. Equivalent to a Prince, but theoretically 'first among equals' (though rarely in practice). Tallula was formerly Archbishop of Appalachia.","sabbat ruler,prince equivalent,city leader,tyrant"
"Cardinal","A supreme leader of the Sabbat overseeing a vast region (like the East Coast). They direct the Gehenna War.","sabbat general,regional leader,supreme commander"
"Priscus","An advisor to the Sabbat leadership, similar to a purely advisory Primogen. They have great status but no direct command.","advisor,elder,sabbat counselor,status"
"Templar (Paladin)","An elite warrior and bodyguard in the Sabbat, sworn to protect a Bishop or Cardinal. They are usually martial experts.","bodyguard,champion,elite warrior,sabbat knight"
"Black Hand","A secret military sect within the Sabbat. They are the special forces and assassins of the Sword of Caine. Highly feared.","secret society,sabbat special forces,assassins,elite"
"Inconnu","A mysterious sect of ancient vampires who have withdrawn from the Jyhad to seek Golconda. They monitor the other sects but rarely intervene.","mystery sect,monitors,golconda seekers,neutrals"
"Tal'Mahe'Ra","The True Black Hand. A death cult of ancients operating from the Shadowlands. (Deep lore).","deep lore,death cult,shadowlands,true black hand"
"Baali","An infernal bloodline of vampires who worship demons. They are hated and hunted by both Camarilla and Sabbat.","demon worshippers,infernalists,hated,bloodline"
"Salubri","A nearly extinct clan of healers and warriors with a third eye. They were destroyed by the Tremere (who diablerized their founder, Saulot). They are hunted as 'soul eaters' by Camarilla propaganda.","healers,third eye,hunted,extinct clan,saulot"
"Gargoyle","A bloodline of slave-warriors created by the Tremere from Gangrel, Nosferatu, and Tzimisce parts. Some have revolted and joined the Camarilla or Sabbat as free agents.","slave race,constructs,stone skin,tremere creation"
"Daughters of Cacophony","A bloodline of singers whose voices can shatter minds or objects. They are a split from the Toreador or Malkavians.","singers,sirens,sonic powers,bloodline"
"Samedi","A bloodline of rotting necromancers associated with Voodoo. They look like corpses and are mercenaries.","zombies,necromancers,rotting,mercenaries"
"Kiasyd","A Sabbat bloodline of fae-touched scholars. They are tall, pale, and have eyes like pools of ink. They study the Abyss and the Fae. Marrow Milker is a Kiasyd.","fae vampires,scholars,sabbat bloodline,weird"
"Nagaraja","A bloodline of flesh-eating necromancers. They possess sharp teeth and must consume flesh alongside blood.","flesh eaters,necromancers,cannibals,sharp teeth"
"True Brujah","A bloodline claiming to be the true descendants of the Brujah Antediluvian, possessing the power of Temporis (time manipulation). They are cold and emotionless.","time mages,true descendants,cold,temporis"
"Harbingers of Skulls","A Sabbat bloodline of necromancers returning from the dead. They look like skeletons and hate the Giovanni.","skeletons,necromancers,revenants,sabbat"
"Blood Brothers","A Sabbat bloodline created by the Tzimisce to be perfect shock troops. They share a hive mind and health levels within their circle (pack). 'Roach' is a Blood Brother pack.","hive mind,shock troops,frankenstein,sabbat weapon"
"Panders","The Clanless of the Sabbat. Unlike Camarilla Caitiff, they have established themselves as a legitimate political tribe within the Sword of Caine, led by Joseph Pander.","sabbat caitiff,organized clanless,legitimate tribe"
"Ravnos","A clan of tricksters and illusionists. They were nearly wiped out in 2004 during the 'Week of Nightmares' when their Antediluvian woke and was nuked. Survivors are nomads. Their power is Chimerstry (illusions).","tricksters,illusionists,nomads,chimerstry,decimated"
"Giovanni","A clan of necromancers and incestuous families. They are an independent clan (until recently) focused on wealth and family. They are allied iwth the Setties in the Independend Alliance.  They diablerized their founder Cappadocius.","necromancers,family,incest,mafia,independent"
"Setites",A clan worshipping the god Set. They act as corrupters and tempters, trading in vice and secrets. They hate the light and are enemies of the other clans (mostly). Allied with the Giovanni in the Independent aliance (IA),"snake worshippers,corrupters,tempters,set,ministry"
Here is a significant expansion of the glossary, focusing on **unique entries** not present in the previous list. This batch dives deeper into the specific NPC rosters (Sabbat, Regional, Changelings), specific items from the character sheets, discipline techniques mentioned in stat blocks, and the broader regional politics of the "Greater World" surrounding Asheville.
"Prince Ginevra Bellecourt","The Ventrue Prince of Charlotte, NC ('The Golden Tower'). A 7th Generation Elder who has ruled for over a century. Known for her cruel sense of humor, air hockey championship skills, and rigid social hierarchy.","prince,charlotte,ventrue,elder,bellecourt,neighbor"
"Seneschal Huy","The Nosferatu Seneschal of Charlotte. A Vietnamese Elder of the 7th Generation who spent decades in torpor after the Vietnam War. He deepened the Charlotte warrens and enforces the Prince's will with silent efficiency.","seneschal,nosferatu,elder,huy,charlotte,vietnam"
"Prince Iago","The ruler of Knoxville, TN ('The Marble Tyrant'). A tyrannical Prince who keeps his domain under strict martial law. He is a rival to the Asheville domain and a threat to the Anarch Free State.","prince,knoxville,iago,tyrant,rival,neighbor"
"Prince Malphas","The Prince of the Triangle (Raleigh/Durham/Chapel Hill). A Tremere Elder who acts as an 'uncle' figure to many. He maintains a stable, academic domain and corresponds with Tallula Donegan.","prince,tremere,malphas,triangle,raleigh,ally"
"Dr. Lenore Scott","The Seneschal of the Triangle. A Ventrue scholar who handles the day-to-day logistics of Malphas's domain. She is known for her medical background and detailed correspondence.","seneschal,ventrue,lenore scott,triangle,doctor"
"Marcus Thorne","Tremere Apprentice of the Third Circle in the Triangle. An expert on the history of Washington D.C. and occult artifacts. Quiet, bookish, and politically naive.","tremere,scholar,marcus thorne,triangle,occultist"
"Victoria Sterling","Tremere Apprentice of the Fourth Circle in the Triangle. A former NSA analyst embraced for her counter-intelligence skills. Paranoid and responsible for Chantry defenses.","tremere,nsa,spy,victoria sterling,security"
"Pieter van Dorn","A Brujah traitor to the Triangle Chantry. A former anti-apartheid poet who defects to the Anarchs/Setites. Currently missing.","traitor,brujah,pieter van dorn,poet,anarch"
"K-Blur ('Keebler')","A Knocker Changeling who runs a distribution warehouse in Asheville. Primary contact for the local Fae.","changeling,knocker,npc,keebler,fae"
"King Leopold Langora","The Satyr King of the Unseelie Court in Asheville. Took power during the 2020 pandemic. His primary goal is to keep the Changelings hidden from the vampire war.","changeling,king,satyr,unseelie,leopold"
"Ed (Redcap)","A Redcap and 'Vizier' to King Leopold. Terrifying enforcer who is rumored to be Leopold's lover. Originally from Baton Rouge.","changeling,redcap,ed,enforcer,unseelie"
"Helen's Bridge","A haunted bridge at Zealandia. The site where the witch Helen committed suicide to trap the Methuselah Judeculla. It is a synched leyline and a gathering place for ghosts.","location,haunted,healed,bridge,ghosts,judeculla"
"Judeculla","A Methuselah (likely Salubri or Baali) trapped beneath the mountains of WNC. His influence is kept at bay by Helen's sacrifice. The source of much local magical turbulence.","methuselah,ancient,judeculla,sleeping threat,monster"
"Black Mountain Neuro-Medical Center","A ominous medical facility and Sabbat stronghold. Tallula was seen visiting here to meet with Sabbat leaders.","location,hospital,sabbat,black mountain,creepy"
"Sariya Anderson","Ductus of the 'Yahtzee Bitch' Sabbat pack. A Pander architect who builds traps and fortifications.","sabbat,pander,ductus,sariya,yahtzee bitch"
"Johnny Caper","Abbot of 'Yahtzee Bitch'. An 11th Gen Malkavian bully who torments the weak.","sabbat,malkavian,johnny caper,abbot"
"Madlad","A deceased Pander member of 'Yahtzee Bitch'. Known for being a loose cannon before his destruction.","sabbat,pander,dead,madlad"
"Satyr Boys","A Sabbat pack of loyalists. Members include Michael (Malkavian Bishop), David (Brujah Ductus), Marko (Setite Abbot), Dwayne (Gangrel), and Star (Salubri).","pack,sabbat,satyr boys,loyalist"
"Star (Salubri)","A mysterious Sabbat Salubri antitribu member of the Satyr Boys. An enigma who fights for the Sword of Caine.","sabbat,salubri,star,antitribu,healer"
"Quickdraw Quinine Callahan","Pack Priest of Murder Piñata. A Lasombra Corsair (pirate) fanatic who loves dual-wielding pistols.","sabbat,lasombra,priest,quickdraw,corsair"
"Daggerface","Abbot of Murder Piñata. An 11th Gen Gangrel fanatic who uses Vicissitude to enhance his combat prowess.","sabbat,gangrel,daggerface,abbot"
"Howitzer Prime","A Tzimisce monster of Murder Piñata who has fleshcrafted their body into a living weapon.","sabbat,tzimisce,howitzer,monster,weapon"
"Abrams and Sherman","Tzimisce shovelheads trained by Howitzer Prime. Named after tanks, they are expendable shock troops.","sabbat,tzimisce,shovelhead,tank,minions"
"Miss Kitty","Bishop of Resources for the Sabbat. A Nosferatu influencer and member of 150 Guns. She rejected Tallula's request for a meeting.","sabbat,bishop,nosferatu,kitty,influencer"
"Winter","Ductus of 150 Guns and Sabbat Emissary. A Pander diplomat who negotiates with the Camarilla.","sabbat,pander,ductus,winter,diplomat"
"Marco Asensio","Lasombra Pack Priest of 150 Guns. Spiritual guide for the nomadic pack.","sabbat,lasombra,marco,priest"
"Daire Manning","Banu Haqim Sorcerer and Abbot of 150 Guns. Protects the pack's haven at the Crow and Quill.","sabbat,banu haqim,sorcerer,daire,abbot"
"Pop Eye","Malkavian Priest of the Hushed Puppies pack. A freakish vampire with disturbing insights.","sabbat,malkavian,priest,pop eye"
"Sawtooth Pete","Bishop of Information (Sabbat). Formerly the Camarilla Gangrel Primogen who defected back to the Sabbat. A master of wilderness survival.","sabbat,bishop,gangrel,traitor,sawtooth pete"
"Killswitch","Banu Haqim fighter of the Hushed Puppies. A silent killer loyal to Big Bird.","sabbat,banu haqim,killswitch,fighter"
"Technique: Bullseye Shot","A combination of Auspex and Celerity. Allows the user to make a ranged attack with supernatural accuracy, ignoring cover and penalties. Used by Tallula Donegan.","technique,combo,discipline,auspex,celerity,combat"
"Technique: Displacement Aura","A combination of Auspex and Obfuscate. The user appears to be slightly offset from their actual location, making them harder to hit. Used by Tallula Donegan.","technique,combo,discipline,auspex,obfuscate,defense"
"Technique: Will to Survive","A combination of Fortitude and Willpower. Allows the vampire to ignore wound penalties and stay active even when incapacitated.","technique,combo,discipline,fortitude,survival"
"Technique: Quickened Blood","A combination of Celerity and Fortitude. The vampire can spend blood to heal or buff themselves with incredible speed in a single turn.","technique,combo,discipline,celerity,fortitude,speed"
"Technique: Rend Flesh","A combination of Potence and Vicissitude. Allows the user to tear huge chunks of flesh from opponents, causing grievous wounds. Used by Sabbat monsters.","technique,combo,discipline,potence,vicissitude,damage"
"Technique: Master of Illusion","A combination of Chimerstry and Auspex. Allows for creating complex, multi-sensory illusions that are difficult to disbelieve.","technique,combo,discipline,chimerstry,auspex,illusion"
"Technique: Vanishing Act","A combination of Obfuscate and Celerity. The user can disappear from plain sight instantly, even while being observed.","technique,combo,discipline,obfuscate,celerity,stealth"
"Technique: Fearful Blow","A combination of Potence and Presence. A strike that terrifies the victim, causing them to flee or cower.","technique,combo,discipline,potence,presence,fear"
"Merit: Arcane","A supernatural quality that makes the vampire difficult to remember or record. Photos blur, files get lost, and people forget their face. Common among high-level NPCs.","merit,stealth,untraceable,memory,mystery"
"Merit: Rugged","A physical merit representing tough skin or dense bones. Reduces damage from physical attacks.","merit,physical,tough,defense"
"Merit: Shape of Beast's Wrath","A Werewolf-specific merit (or Gangrel). Allows the user to shift into the Crinos (war form) for devastating combat bonuses.","merit,combat,werewolf,crinos,shape"
"Merit: Slippery Customer","A merit that makes the user incredibly hard to grapple or restrain.","merit,defense,grapple,escape"
"Merit: Versatile","Allows a character to use a specific Ability with a different Attribute than usual (e.g., Strength + Intimidation instead of Charisma).","merit,skill,flexibility"
"Elara","Brujah Neonate. Carries a 'Jar of teeth from Big Ben's haven' and a copy of his journal. Has a weird voice in her head that might be Big Ben.","pc,brujah,elara,mystery,haunted"
"Rio de la Cruz","Lasombra Ancilla. A necromancer who uses 'Abyssal Ink' and 'Abyssal Ichor'. Recently quested to create lenses from a Timber Baron's eyes.","pc,lasombra,rio,necromancer,abyss,quest"
"Vittoria Pistone","Malkavian Ancilla. Has a 'Boss' in her head. Wears a dress and carries a rifle. Known for the tattoo 'Be gay, do crimes, take no shit'.","pc,malkavian,vittoria,guns,boss"
"Grant Smalls","Tremere Neonate Steward. Possesses specific occult books like 'Libations of the Vampire' and 'Vitae and Voles'. Has a tattoo of a pentagram over his heart.","pc,tremere,grant smalls,steward,scholar"
"Harold Harkness","Malkavian Neonate. Grows 'Magic Mushrooms' (Hallucinogens). Wears a 'Neurological Specialist's Outfit'. Investigated Mallori Mayhem's research.","pc,malkavian,harold,drugs,scientist"
"Feodor Ilyasov","Ventrue Elder. Uses the name 'Theodor'. Possesses 'Social Nobility' and a 'Prestigious Sire' (Anya Doyamin). Wears a flashy artisan necklace.","pc,ventrue,elder,feodor,ilyasov,noble"
"Enebishin","Gangrel Neonate. An archer who uses a bow with Silver and Incendiary arrows. Drives a Superior Motorcycle.","pc,gangrel,enebishin,archer,hunter"
"Helen Wheels","Gangrel Neonate. Drives a car customized for street racing. Has extensive lab equipment.","pc,gangrel,helen wheels,racer,scientist"
"Moe Schmoe","Banu Haqim Ancilla. Currently inactive. Known for using Silver and Incendiary ammo.","pc,banu haqim,moe,inactive,fighter"
"Pip Riviere","Toreador. Full name 'Pieretta Riviere'. Carries a Stylish Accurate Pistol. Active in Law Enforcement influence.","pc,toreador,pip,gun,law"
"Pretty Boy Slim (PBS)","Toreador Ancilla Deputy Sheriff. Drives a 'Franken-car' (Flashy). Uses Auto repair tools. Defies the 'artsy' stereotype with combat prowess.","pc,toreador,sheriff,mechanic,fighter"
"Zeno","Lasombra Ancilla. Represented by 'Zolani'. Currently on hold.","pc,lasombra,zeno,ancilla"
"Emerald Beauregard","Banu Haqim Neonate. Goes by 'Basil'. Investigated the Banu Haqim feeding territory and had a derangement break at a Gather.","pc,banu haqim,emerald,basil,investigator"
"Hailey Coleman","Tremere Neonate. Spent time being exasperated at her clanmates. Owns a Ouija Board customized for seances.","pc,tremere,hailey,seance,occult"
"Tristan de Lovette","Toreador Elder Whip. Named 'Victorious' by the Harpy. Attended the European Conclave to undermine Justicar Ulugh Begh. Master of social maneuvering.","pc,toreador,elder,tristan,politician"
"Isabella María","Banu Haqim Primogen. Goes by 'Izzy'. Recently discovered her Sabbat associations and moved in with Wiebke. Wears a 'Mazel cocktail'.","pc,banu haqim,primogen,isabella,izzy"
"Influence: Bureaucratic Errors","A Level 3 Commercial Industry influence action. Used by E.W. Grove to create a grant program for fire suppression systems.","influence,action,commercial,grove"
"Influence: No Party Crashers","A Level 5 influence action used to secure a location from mortal interference (police, fire, nosey neighbors).","influence,action,security,stealth"
"Influence: Smooth Over","A Level 4 News Media influence action. Used to spin a story or suppress a Masquerade breach in the press.","influence,action,media,spin,coverup"
"Influence: Free Travel","A Level 1 Transportation/Underworld influence action. Allows for secure movement between cities or locations without tracking.","influence,action,travel,logistics"
"Influence: Illegal Favors","A Level 3 Underworld/Street influence action. Used to acquire contraband (guns, drugs, burner phones).","influence,action,crime,black market"
"The Southern Lords","A historical sect of powerful vampires in the Southeast during the Civil War. They controlled the Dahlonega Mint gold. Tallula Donegan fought against them.","history,faction,civil war,antagonist,lore"
"Dahlonega Mint","The historical mint in Georgia seized by Confederates. Source of the 'bbat coins. The gold extracted has a psychic signature of murder.","history,location,gold,mint,lore"
"The Red Star (1999)","A celestial event in the World of Darkness that signaled the beginning of the Gehenna Time. Prompted Tallula to crack down on Gehenna cults in Asheville.","history,event,1999,gehenna,sign"
"Treaty of the Land of the Sky (1991)","The formal agreement overseen by the Tremere that established the Camarilla Praxis in Asheville after the Sabbat fled/defected.","history,treaty,1991,camarilla,law"
"Amici Noctis","'The Friends of the Night'. The secret ruling council of Clan Lasombra. Mentioned in relation to Terissa and Maria Ramirez's plots.","lore,lasombra,council,secret society,politics"
"The Prometheans","A faction within the Anarch Free State (referenced in 'Lore Bits'). They use 'Muses' as spies to keep the Camarilla out.","faction,anarch,prometheans,spies,lore"
"Type-D Aegis","A bio-engineered war ghoul or construct used by the Anarch Free State. Made of Toreador and Tzimisce vitae. Immune to blood magic but unstable.","creature,construct,weapon,anarch,fleshcraft"
"Schaefer Archive","The library of heretical texts held by Baron Schaefer at Mars Hill. Guarded by a Type-D Aegis.","location,library,mars hill,schaefer,lore"
"Moongate","A magical portal or phenomenon associated with Judeculla Rock and the bridge. Helen's suicide 'cinched' the leyline to close it.","magic,portal,leyline,judeculla,helen"
"Fetter","An object or person that ties a wraith to the living world. Helen's fetter is her sister (or the bridge itself, effectively).","lore,wraith,ghost,anchor,magic"
"Noddists","Scholars who study the Book of Nod and Caine. Often associated with the Sabbat, but also found among curious Camarilla (like those seeking the Schaefer Archive).","lore,scholar,heretic,caine,religion"
"The Week of Nightmares (2004)","The waking of the Ravnos Antediluvian. It resulted in the destruction of the clan and a psychic backlash. Mentioned in regional history.","history,event,ravnos,apocalypse,2004"
"SchreckNET 2.0","The attempt to rebuild the Nosferatu network after the SI crash. Heavily monitored and dangerous. 'xX_DarkRat_Xx' is a user.","lore,tech,nosferatu,internet,danger"
"Loresheet","A background mechanic allowing characters to buy into specific metaplot elements (e.g., 'Descendant of Hardestadt', 'Veteran of the Sabbat War').","mechanics,background,lore,connection"
"The Cobweb","The Malkavian Madness Network. A shared psychic consciousness connecting all Malkavians. Called 'The Madness Network' in the logs.","lore,malkavian,hive mind,psychic,network"
"Abyssal Mysticism","Dark blood magic practiced by Lasombra (and some Sabbat). Involves summoning entities from the void. Rio de la Cruz is a practitioner.","discipline,magic,lasombra,abyss,forbidden"
"Necromancy: Path of the Sepulchre","The path focusing on communicating with and commanding ghosts. Used by Giovanni and some Tremere/Lasombra.","discipline,necromancy,ghosts,path"
"Necromancy: Path of Ash","The path focusing on the Shroud (the barrier between worlds) and the Shadowlands.","discipline,necromancy,shroud,ghosts"
"Necromancy: Path of Bone","The path focusing on corpses, zombies, and the physical remains of death.","discipline,necromancy,zombies,corpses"
"Thaumaturgy: Path of Blood","The primary path of the Tremere. Manipulation of vitae itself (boiling, theft, potency).","discipline,thaumaturgy,blood,tremere"
"Thaumaturgy: Path of Technomancy","A modern path allowing interaction with computers and machines. Used by xX_DarkRat_Xx.","discipline,thaumaturgy,tech,computers"
"Thaumaturgy: Path of Caelestikinesis","The path of celestial movement/telekinesis. Used by 'The Knight'.","discipline,thaumaturgy,telekinesis,movement"
"Thaumaturgy: Movement of the Mind","The classic telekinesis path. Lifting objects, flight.","discipline,thaumaturgy,telekinesis,flight"
"Thaumaturgy: Lure of Flames","The path of creating and controlling fire. Highly dangerous due to Rötschreck.","discipline,thaumaturgy,fire,combat"
"Ghoul Family: Bratovich","A Revenant family serving the Tzimisce. Kennemasters and monsters. Known for violence and lack of hygiene.","lore,revenant,ghoul,tzimisce,family"
"Ghoul Family: Grimaldi","A Revenant family serving the Sabbat (and sometimes Camarilla). Socialites and politicians.","lore,revenant,ghoul,social,family"
"Ghoul Family: Obertus","A Revenant family serving the Tzimisce. Scholars and occultists.","lore,revenant,ghoul,scholar,family"
"Ghoul Family: Zantosa","A Revenant family serving the Tzimisce/Toreador. Hedonists and drug dealers.","lore,revenant,ghoul,party,family"
"Boons: Trivial","A small favor (e.g., a ride, an introduction). One-time service.","politics,boon,favor,low value"
"Boons: Minor","A significant favor (e.g., use of influence, teaching a discipline). Requires effort to repay.","politics,boon,favor,medium value"
"Boons: Major","A large favor (e.g., saving a reputation, killing a rival). Shifts the balance of power.","politics,boon,favor,high value"
"Boons: Life","The ultimate favor. Saving a vampire's unlife. The debtor effectively belongs to the creditor.","politics,boon,favor,life debt"
"The Red Question","An Anarch philosophical movement questioning the need for Elders and the Traditions.","lore,anarch,philosophy,rebellion"
"Status: Acclaimed","A Fleeting Status trait. Typically awarded by a Noble (Harpy, Seneschal, or Primogen of your own clan). Represents social praise and recognition.","status,fleeting,acclaimed,positive,social,noble"
"Acclaimed (Passive Effect)","Passive Effect: You may extend the passive bonus of any one status you currently possess (which is not expended) to one individual per night. This effect lasts for one hour, provided they remain within ten (10) feet of you.","status,acclaimed,passive,mechanic,buff,share"
"Acclaimed (Spent Effect)","Spent Effect: You may request that an officer of the sect share her views or offer advice, publicly or privately, about a subject that is pertinent to the domain. Useful for maneuvering rivals or forcing political stances.","status,acclaimed,spent,mechanic,social,politics,question"
"Status: Architect","An Innate Status trait. Derived from the 'Architect of the Tower' Merit. Represents deep structural importance to the Camarilla.","status,innate,architect,merit,positive,camarilla"
"Architect (Passive Effect)","Passive Effect: You may attend and witness Judicial Conclaves (but may not speak unless given permission). You may also approach and petition any Justicar or hosting Prince at a Conclave.","status,architect,passive,mechanic,conclave,justicar,access"
"Architect (Spent Effect)","Spent Effect: You may place an agenda item as a topic for the Speaker at a Conclave.","status,architect,spent,mechanic,conclave,politics,agenda"
"Status: Ascendant","An Abiding Status trait. Held by Justicars, Inner Circle members, or Imperators. Represents supreme authority.","status,abiding,ascendant,justicar,inner circle,supreme,positive"
"Ascendant (Passive Effect)","Passive Effect: You are immune to the powers of, and may contradict orders given by, any individual who does not have the Ascendant status.","status,ascendant,passive,mechanic,immunity,authority"
"Ascendant (Spent Effect)","Spent Effect: You may give the Negative Status 'Disgraced' or initiate a global blood hunt. Three expenditures (from different sources) add a target to the Red List or issue a doctrinal edict.","status,ascendant,spent,mechanic,punishment,red list,blood hunt"
"Status: Authority","An Abiding Status trait. Held by the Prince (and sometimes Seneschal/Justicars). Represents the right to rule and judge.","status,abiding,authority,prince,ruler,positive"
"Authority (Passive Effect)","Passive Effect: You may award the Fleeting Statuses 'Courageous', 'Defender', 'Honorable', or 'Loyal' without expending the trait. A target can only hold one such awarded status from the same source at a time.","status,authority,passive,mechanic,granting status,prince"
"Authority (Spent Effect)","Spent Effect: You may punish or pardon. Expend to give the Negative Status 'Warned' or 'Forsaken', or to remove them.","status,authority,spent,mechanic,punishment,pardon,forsaken,warned"
"Status: Commander","An Abiding Status trait. Held by the Prince or higher officers (Justicar, Archon). Represents martial or executive command.","status,abiding,commander,prince,archon,officer,positive"
"Commander (Passive Effect)","Passive Effect: You may issue orders to any sect member without Authority, and expect obedience. Disobedience strips the target of all Fleeting Status temporarily. You may also deputize up to 3 individuals with 'Enforcer' for a night.","status,commander,passive,mechanic,orders,deputize,enforcer"
"Commander (Spent Effect)","Spent Effect: You may award up to three characters either the Fleeting Status 'Courageous' or 'Loyal'.","status,commander,spent,mechanic,granting status,buff"
"Status: Confirmed","An Abiding Status trait. Held by any Ancilla of the Camarilla. Represents being a proven member of society.","status,abiding,confirmed,ancilla,positive,rank"
"Confirmed (Passive Effect)","Passive Effect: You may approach any officer of the sect without a formal introduction, avoiding social penalties.","status,confirmed,passive,mechanic,social,access"
"Confirmed (Spent Effect)","Spent Effect: You may order a non-supernatural mortal (ghoul, revenant) beholden to the sect to obey you (unless contradicting their master). You have the authority to kill such a mortal if they refuse. Cannot be used in combat.","status,confirmed,spent,mechanic,ghouls,mortals,command"
"Status: Courageous","A Fleeting Status trait. Awarded by a Commander or Authority. Represents bravery and martial capability.","status,fleeting,courageous,combat,positive"
"Courageous (Passive Effect)","Passive Effect: You can use a combat maneuver once per game without spending Willpower. Only usable when following the directives of someone with Authority or Commander status.","status,courageous,passive,mechanic,combat,willpower"
"Courageous (Spent Effect)","Spent Effect: If not violating sect laws, expend to allow one character (self or other) to use a combat maneuver without spending Willpower.","status,courageous,spent,mechanic,combat,buff"
"Status: Courteous","A Fleeting Status trait. Awarded by Prominent (Harpy) or Sovereign (Prince). Represents impeccable etiquette and social grace.","status,fleeting,courteous,social,positive"
"Courteous (Passive Effect)","Passive Effect: You cannot be targeted by the Subterfuge skill to redirect blame for the use of a supernatural power.","status,courteous,passive,mechanic,defense,subterfuge"
"Courteous (Spent Effect)","Spent Effect: Overcome any political gaffe or etiquette error made in the last five minutes. The error is acknowledged but must be forgiven/ignored by those present.","status,courteous,spent,mechanic,social,defense,forgiveness"
"Status: Defender","A Fleeting Status trait. Awarded by an Enforcer (Sheriff/Scourge/Keeper) or Authority. Represents a guardian role.","status,fleeting,defender,martial,positive,guard"
"Defender (Passive Effect)","Passive Effect: You may carry weapons to any gathering, including restricted ones. Authorities must allow you to go armed.","status,defender,passive,mechanic,weapons,access"
"Defender (Spent Effect)","Spent Effect: Reduce the number of Beast traits gained by one (1) when performing an action that triggers a sin. Limit one per sin.","status,defender,spent,mechanic,morality,beast traits"
"Status: Disgraced","A Negative Status trait. Awarded by a Guardian (Harpy/Keeper), refusal of Prominent effects, or breaking a Warned censure. Represents social pariah status.","status,negative,disgraced,censure,punishment"
"Disgraced (Censure)","Censure: Prohibited from carrying weapons or using powers near officers without permission. Cannot feed in sect territory (scraps only). Cannot spend or gain status. Boons owed to you need not be repaid.","status,disgraced,censure,mechanic,restriction,feeding"
"Disgraced (Removal)","Removal: Lasts as long as you hold 'Warned'. If acquired without 'Warned', lasts for two games or one month (whichever is longer). Can be removed by apologizing and paying a Major Boon to the officer if caught violating.","status,disgraced,removal,mechanic,duration,redemption"
"Praised (from Disgraced)","Mechanic: Anyone who publicly insults a Disgraced character gains the Fleeting Status 'Praised'. Multiple people can gain this from one target, but only once per target per game.","status,disgraced,mechanic,praised,insult,social"
"Status: Enforcer","An Abiding Status (for Officers) or Fleeting Status (if deputized). Held by Sheriff, Scourge, Keeper, or deputies of the Sovereign/Commander. Represents law enforcement.","status,abiding,fleeting,enforcer,sheriff,scourge,keeper,positive"
"Enforcer (Passive Effect)","Passive Effect: You may carry weapons to any gathering. You may deputize up to two others with 'Defender' for a single night.","status,enforcer,passive,mechanic,weapons,deputize"
"Enforcer (Spent Effect)","Spent Effect: Give the Negative Status 'Warned' to an individual you legitimately believe has broken sect or domain law.","status,enforcer,spent,mechanic,punishment,warned"
"Status: Established","An Abiding Status trait. Held by Elders. Represents age, tenure, and entrenched power.","status,abiding,established,elder,positive"
"Established (Passive Effect)","Passive Effect: Anyone who openly insults, threatens, or attacks you automatically receives the Negative Status 'Warned'. (Authority/Commander/Triumphant are immune).","status,established,passive,mechanic,defense,warned,insult"
"Established (Spent Effect)","Spent Effect: You may give the Fleeting Status 'Favored'.","status,established,spent,mechanic,granting status,favored"
"Status: Favored","A Fleeting Status trait. Awarded by an Established (Elder). Represents being under an Elder's protection.","status,fleeting,favored,social,protection,positive"
"Favored (Passive Effect)","Passive Effect: Anyone who openly attacks you automatically receives 'Warned' (unless immune). Shows you have a patron.","status,favored,passive,mechanic,defense,warned"
"Favored (Spent Effect)","Spent Effect: Negate a negative status before it is applied. The attacker cannot attempt to apply negative status to you again for the night.","status,favored,spent,mechanic,defense,immunity"
"Status: Forsaken","A Negative Status trait. Given by Authority (Prince+). Represents a death sentence (Blood Hunt).","status,negative,forsaken,blood hunt,death,punishment"
"Forsaken (Censure)","Censure: You are no longer Accepted. You hold no status. You may be destroyed without repercussion. Society's laws do not protect you.","status,forsaken,censure,mechanic,blood hunt,lextalionis"
"Forsaken (Removal)","Removal: Can only be removed by an expenditure of Authority status (pardon). Usually permanent until death.","status,forsaken,removal,mechanic,pardon"
"Triumphant (from Forsaken)","Mechanic: If a sect member kills a Forsaken vampire, they gain the Fleeting Status 'Triumphant'. Only one person can claim this per death.","status,forsaken,mechanic,triumphant,reward,kill"
"Status: Gallant","A Fleeting Status trait. Gained by fulfilling a boon to someone with 'Social Nobility'. Represents chivalry and honor.","status,fleeting,gallant,social,boon,positive"
"Gallant (Passive Effect)","Passive Effect: None.","status,gallant,passive,mechanic,none"
"Gallant (Spent Effect)","Spent Effect: Overcome any political/etiquette error made in the last 5 minutes. The error is acknowledged but must be forgiven.","status,gallant,spent,mechanic,social,defense,forgiveness"
"Status: Guardian","An Abiding Status trait. Held by Harpy or Keeper. Represents protection of social or physical norms.","status,abiding,guardian,harpy,keeper,positive"
"Guardian (Passive Effect)","Passive Effect: Award 'Warned' to anyone behaving inappropriately in your jurisdiction or disrespecting your proclamations.","status,guardian,passive,mechanic,punishment,warned"
"Guardian (Spent Effect)","Spent Effect: Give the Negative Status 'Disgraced'. Keepers declare 'Profane', Harpies declare 'Boonbreaker'.","status,guardian,spent,mechanic,punishment,disgraced"
"Status: Honorable","A Fleeting Status trait. Awarded by Prominent (Harpy) or Authority (Prince). Represents personal integrity.","status,fleeting,honorable,social,integrity,positive"
"Honorable (Passive Effect)","Passive Effect: Individuals must expend a positive status to openly accuse you of lying. Only one spend required to bypass this, even if you have multiple Honorable traits.","status,honorable,passive,mechanic,defense,lying,truth"
"Honorable (Spent Effect)","Spent Effect: Remain in a scene you would otherwise be politically forced to leave. Immune to the spend bonus of Abiding Status in that instance.","status,honorable,spent,mechanic,stay,defense,social"
"Status: Loyal","A Fleeting Status trait. Awarded by Noble, Prestigious Sire, Authority, or Commander. Represents dedication to the sect/domain.","status,fleeting,loyal,social,duty,positive"
"Loyal (Passive Effect)","Passive Effect: If you receive 'Warned', this status is stripped instead of applying the Negative Status. (Sacrificial shield).","status,loyal,passive,mechanic,defense,warned,buffer"
"Loyal (Spent Effect)","Spent Effect: Acquire one piece of equipment or general info on short notice via NPC minions (5 min delay). Cannot be secret info or unique items.","status,loyal,spent,mechanic,equipment,info,minions"
"Status: Noble","An Abiding Status trait. Held by Primogen, Whip (acting), Harpy, or Seneschal. Represents high court standing.","status,abiding,noble,primogen,harpy,seneschal,positive"
"Noble (Passive Effect)","Passive Effect: Award 'Acclaimed' or 'Loyal' without expending. Target limited to one from you at a time.","status,noble,passive,mechanic,granting status,buff"
"Noble (Spent Effect)","Spent Effect: Give the Negative Status 'Vulgar' to an individual who caused significant offense.","status,noble,spent,mechanic,punishment,vulgar"
"Status: Ominous","An Abiding Status trait. Held by the Inner Circle. Represents terrifying, absolute power.","status,abiding,ominous,inner circle,positive"
"Ominous (Passive Effect)","Passive Effect: Grants highest level of command. Almost everything is allowable.","status,ominous,passive,mechanic,supreme"
"Ominous (Spent Effect)","Spent Effect: When expending status to give Disgraced/Forsaken, it can ONLY be removed by another Inner Circle member.","status,ominous,spent,mechanic,permanent,punishment"
"Status: Praised","A Fleeting Status trait. Gained by publicly insulting a Disgraced character. Represents social approval for shunning pariahs.","status,fleeting,praised,social,insult,positive"
"Praised (Passive Effect)","Passive Effect: None.","status,praised,passive,mechanic,none"
"Praised (Spent Effect)","Spent Effect: Claim a small favor (Trivial Boon level) from any Accepted sect member not already in your debt.","status,praised,spent,mechanic,favor,boon"
"Status: Privileged","An Abiding Status trait. Held by Sheriff or Elder. Represents legal immunity and high standing.","status,abiding,privileged,sheriff,elder,positive"
"Privileged (Passive Effect)","Passive Effect: Cannot be openly/effectively accused of lying unless accuser has Privileged, Commander, Triumphant, or Authority.","status,privileged,passive,mechanic,defense,lying,truth"
"Privileged (Spent Effect)","Spent Effect: Give the Negative Status 'Vulgar'.","status,privileged,spent,mechanic,punishment,vulgar"
"Status: Prominent","An Abiding Status trait. Held by the Harpy. Represents control over social standing.","status,abiding,prominent,harpy,positive"
"Prominent (Passive Effect)","Passive Effect: Award 'Honorable' or 'Courteous'. Target limited to one from you at a time.","status,prominent,passive,mechanic,granting status,buff"
"Prominent (Spent Effect)","Spent Effect: Exile. Target must physically leave the scene (room/area) for 10 minutes. If they refuse, they gain 'Disgraced'. Cannot be used in combat.","status,prominent,spent,mechanic,exile,social,punishment"
"Status: Sanctioned","A Fleeting Status trait. Awarded by Sovereign (Prince). Represents a legal exception.","status,fleeting,sanctioned,legal,pardon,positive"
"Sanctioned (Passive Effect)","Passive Effect: None.","status,sanctioned,passive,mechanic,none"
"Sanctioned (Spent Effect)","Spent Effect: Allows a specifically defined breach of one sect law without punishment. An exception granted by Authority.","status,sanctioned,spent,mechanic,law breaking,exception"
"Status: Sovereign","An Abiding Status trait. Held by the Prince. Represents absolute dominion over the territory.","status,abiding,sovereign,prince,positive"
"Sovereign (Passive Effect)","Passive Effect: Award 'Courteous', 'Enforcer', or 'Loyal' without expending. Target limited to one from you at a time. Cannot be openly contradicted in your domain (unless Privileged/Authority).","status,sovereign,passive,mechanic,granting status,dominion"
"Sovereign (Spent Effect)","Spent Effect: Give 'Sanctioned' or 'Forsaken' (Blood Hunt) in a single domain.","status,sovereign,spent,mechanic,blood hunt,sanction,punishment"
"Status: Triumphant","A Fleeting Status trait. Gained by killing a Forsaken (Blood Hunted) Kindred. Represents victory.","status,fleeting,triumphant,victory,positive"
"Triumphant (Passive Effect)","Passive Effect: Special privileges at gatherings (seating, notice). Right to feed in any sect domain (reduces feed actions by 1, min 0).","status,triumphant,passive,mechanic,feeding,privilege"
"Triumphant (Spent Effect)","Spent Effect: Ignore the censure of all negative status for one hour. Works even if negative status would normally prevent using status.","status,triumphant,spent,mechanic,immunity,breakout"
"Status: Victorious","A Fleeting Status trait. Gained by winning a Symbel (Status contest). Represents winning.","status,fleeting,victorious,symbel,contest,positive"
"Victorious (Passive Effect)","Passive Effect: On the night gained, others can give you positive status without expending their own traits.","status,victorious,passive,mechanic,magnet,buff"
"Victorious (Spent Effect)","Spent Effect: Immediately regain a status you just spent, or remove 'Warned' from self or another in the jurisdiction where won.","status,victorious,spent,mechanic,refresh,pardon"
"Status: Vulgar","A Negative Status trait. Punished by Privileged (Sheriff) or Noble (Harpy/Seneschal/Primogen). Represents social faux pas.","status,negative,vulgar,punishment,social"
"Vulgar (Censure)","Censure: All Fleeting Status traits are lost immediately for the night. Cannot gain new Fleeting Status for the night. Lasts one night.","status,vulgar,censure,mechanic,strip,block"
"Vulgar (Punishment)","Punishment: If a second 'Vulgar' is received while holding one, it upgrades automatically to 'Warned'.","status,vulgar,mechanic,upgrade,warned"
"Status: Warned","A Negative Status trait. Punished by Authority/Enforcer/Guardian or attacking an Elder. Represents a formal warning/probation.","status,negative,warned,punishment,probation"
"Warned (Censure)","Censure: Cannot speak to officers in public unless spoken to. Cannot contradict officers. Can apologize (Minor Boon) to avoid breaking censure. May have alternate physical punishments (loss of finger, brand).","status,warned,censure,mechanic,silence,restriction"
"Warned (Duration)","Duration: Lasts 2 games or 1 month. If received again while active, duration extends by 2 games/1 month.","status,warned,mechanic,duration,stacking"
"Warned (Breach)","Breach: If censure is broken, gain 'Disgraced' in addition to 'Warned'.","status,warned,mechanic,breach,disgraced"
"Position: Inner Circle","Abiding Status: Ascendant, Authority, Commander, Ominous.","position,inner circle,status,ascendant,authority,commander,ominous"
"Position: Imperator","Abiding Status: Ascendant, Authority, Commander.","position,imperator,status,ascendant,authority,commander"
"Position: Justicar","Abiding Status: Ascendant, Authority, Commander.","position,justicar,status,ascendant,authority,commander"
"Position: Archon","Abiding Status: Commander, Noble.","position,archon,status,commander,noble"
"Position: Alastor","Abiding Status: Commander.","position,alastor,status,commander"
"Position: Prince","Abiding Status: Authority, Commander, Sovereign.","position,prince,status,authority,commander,sovereign"
"Position: Seneschal","Abiding Status: Noble. Also Authority (only when Prince is not in attendance).","position,seneschal,status,noble,authority"
"Position: Primogen","Abiding Status: Noble.","position,primogen,status,noble"
"Position: Whip","Abiding Status: Noble (only when Primogen is not in attendance).","position,whip,status,noble"
"Position: Harpy","Abiding Status: Prominent, Noble, Guardian.","position,harpy,status,prominent,noble,guardian"
"Position: Keeper of Elysium","Abiding Status: Enforcer, Guardian.","position,keeper,status,enforcer,guardian"
"Position: Sheriff","Abiding Status: Enforcer, Privileged.","position,sheriff,status,enforcer,privileged"
"Position: Scourge","Abiding Status: Enforcer.","position,scourge,status,enforcer"
"Position: Elder","Abiding Status: Confirmed, Established, Privileged.","position,elder,status,confirmed,established,privileged"
"Position: Ancilla","Abiding Status: Confirmed.","position,ancilla,status,confirmed"
"Merit: Architect of the Tower","Innate Status: Architect.","merit,architect of the tower,status,architect"
"Merit: Prestigious Sire","Innate Status: Loyal.","merit,prestigious sire,status,loyal"
"Fleeting Status","Temporary status traits that can be gained, spent, and lost. Examples: Acclaimed, Courageous, Courteous, Defender, Favored, Gallant, Honorable, Loyal, Praised, Sanctioned, Triumphant, Victorious.","status,category,fleeting,temporary"
"Abiding Status","Permanent status traits derived from position or rank. Examples: Ascendant, Authority, Commander, Confirmed, Enforcer, Established, Guardian, Noble, Ominous, Privileged, Prominent, Sovereign.","status,category,abiding,permanent,position"
"Negative Status","Punitive status traits that censure the holder. Examples: Disgraced, Forsaken, Vulgar, Warned.","status,category,negative,punishment"
"Innate Status","Status derived from Merits. Always active. Examples: Architect, Loyal (from Prestigious Sire).","status,category,innate,merit,permanent"
"Symbel","A contest for status, the winner of which receives the 'Victorious' trait.","mechanic,symbel,contest,victorious"
"1888 Vanderbilt Purchase","The year George Vanderbilt began purchasing 12,500 acres for his estate. This event drew the Ventrue Elder Evander to the region to capitalize on the development.","history,1888,vanderbilt,evander,ventrue"
"1900 Establishment of Praxis","The year Prince Evander declared the domain of Asheville safe from Lupines and officially established his Praxis.","history,1900,praxis,evander,founding"
"1910 Sabbat Incursion","The arrival of the Sword of Caine in Asheville, led by the young firebrand Tallula Donegan, seeking a stronghold for cross-Appalachian travel.","history,1910,sabbat,tallula,invasion"
"1914 Betrayal of Evander","The pivotal moment when E.W. Grove betrayed his sire, Prince Evander, to the Sabbat. Evander was destroyed, and the domain fell to the Sword of Caine.","history,1914,betrayal,grove,evander,coup"
"1914 Lupine Truce","A treaty struck by Archbishop Tallula Donegan with the Lupines immediately after taking power. It established the Biltmore Estate as neutral/forbidden ground in exchange for peace.","history,1914,treaty,lupines,biltmore,tallula"
"1927 Grove's Retirement","The year E.W. Grove faked his death/retired his mortal identity to rule entirely from the shadows as a vampire.","history,1927,grove,masquerade,identity"
"1948 Highland Hospital Fire","A disaster used to cover up the scandal of Tallula's affair with the ghoul Zelda Fitzgerald. Zelda was embraced in front of the Diocese after the fire.","history,1948,fire,zelda,tallula,scandal"
"1992 Black Hand Assassination","The first of several failed assassination attempts against Prince Tallula by the Black Hand following her defection to the Camarilla.","history,1992,black hand,assassination,tallula"
"2000 Banu Haqim Seat","The year the Banu Haqim (via Magda Doluda) were granted a seat on the Primogen Council, replacing the Gangrel who had renounced it.","history,2000,primogen,banu haqim,magda"
"2001 Arboretum Elysium","The establishment of the NC Arboretum as a second Elysium. It includes an amphitheater for ritual combat, a controversial move that echoed Sabbat traditions.","history,2001,elysium,arboretum,combat,arena"
"2002 Path of Humanity","The year Prince Tallula successfully transitioned from the Path of Honorable Accord to the Path of Humanity, solidifying her Camarilla standing.","history,2002,tallula,humanity,path,redemption"
"2023 Edict of Succession","A decision ratified at the Grand Conclave listing Anarch domains in violation of Camarilla law.","history,2023,conclave,law,anarch,edict"
"2023 Setite Negotiations","The formal beginning of talks to bring the Ministry (Setites) into the Camarilla, initiated at the Grand Conclave.","history,2023,conclave,ministry,setites,politics"
"December 2024 War Declaration","Prince Tallula declares open war on the Garou (Werewolves) following the disappearance of Big Ben and Oliver.","history,2024,war,garou,tallula,declaration"
"The Biltmore Message (Jan 2025)","A message painted in blood at the Biltmore Estate reading 'Treaty Broken', signaling the end of the 1914 truce with the Lupines.","history,2025,biltmore,threat,lupines,war"
"February 2025 Attempted Coup","Prince Tallula appears at court with three gunshot wounds. Shimmer (Brujah) is destroyed for the attempt. Daveed Fourié is named Seneschal.","history,2025,coup,shimmer,tallula,daveed"
"Symbel Ordeal","A formal contest or tournament used to determine status or appointments in the domain. Winners are often granted the status 'Victorious'.","mechanic,symbel,contest,status,politics"
"Title: Talon","A specific title used by the Harpy (Sister Tiffany/Bugs) to designate their deputies or favored agents of the month.","title,harpy,talon,deputy,status"
"Bele Chere Festival","A massive street festival in Asheville held in August. A backdrop for intense social maneuvering and potential Masquerade breaches due to the crowds.","event,festival,bele chere,summer,setting"
"Kemintiri (Red List)","The subject of the upcoming 2025 Judicial Conclave in London. The conclave will debate her removal from the #1 spot on the Red List.","lore,red list,kemintiri,conclave,politics"
"FBI Incursion (Sept 2025)","The arrival of federal agents in Asheville, prompting Prince Daveed to order Erecura to alter her appearance to avoid the Second Inquisition.","history,2025,fbi,si,hunters,erecura"
"Ophelia's Sheriffdom","The brief period in early 2025 where Ophelia (Malkavian) served as Sheriff after Oliver's disappearance and before Manfred took the role.","history,2025,ophelia,sheriff,malkavian"
"Shimmer (Brujah)","Former Seneschal to Tallula in late 2024/early 2025. Destroyed by Tallula after a failed assassination/coup attempt.","npc,brujah,shimmer,dead,traitor"
"Michael Valentine (Keeper)","The Brujah Keeper of Elysium appointed in August 2025. He introduced the 'Steward' system for Elysium staff.","npc,brujah,keeper,michael valentine,elysium"
"Grant Smalls","Tremere Neonate appointed as the first Steward of Elysium by Michael Valentine.","npc,tremere,steward,grant smalls,elysium"
"Damien Natosa's Fashion Symbel","A contest held by the Elder Tzimisce/Ventrue Damien Natosa to update his wardrobe after waking from torpor.","history,symbel,fashion,damien natosa,social"
"Treaty of the Land of the Sky (1991)","The founding document of the Camarilla domain, overseen by Elder Volshebnik. It granted seats to 7 clans and established the Basilica as Elysium.","lore,treaty,law,1991,constitution"
"Highland Hospital","The site of the 1948 fire used to cover up Zelda Fitzgerald's embrace. A location of historical trauma.","location,history,hospital,fire,zelda"
"The Amphitheater","The ritual combat arena located within the NC Arboretum Elysium. Used for duels and executions (like the 2001 Brujah Primogen execution).","location,elysium,arena,combat,arboretum"
"Zephyr's Breach (March 2025)","The massive Masquerade breach at Crossroads Studio caused by the singer Zephyr. Resulted in a fire and significant scrutiny.","history,2025,zephyr,breach,fire,crossroads"
"Operation: Fight Club","A rumored (and denied) Symbel Ordeal for combat that Jack Greenlimb teased in Feb 2025.","history,symbel,fight club,jack greenlimb,rumor"
"Uno (Janus's Game)","A card game brought to Elysium by the Elder Janus. He stated people could play without him if he wasn't at the table.","flavor,janus,game,uno,elder quirk"
"Basillia (Justicar)","The Gangrel Justicar appointed/confirmed in 2023 after the clan's return to the Tower.","npc,justicar,gangrel,basillia,leader"
"Juliet Parr (Justicar)","The Malkavian Justicar. Sheriff of London. Presiding over the 2025 Conclave regarding Kemintiri.","npc,justicar,malkavian,juliet parr,leader"
"Tegyrius (Justicar)","The Banu Haqim Justicar. A former Vizier who led the schismatics into the Camarilla.","npc,justicar,banu haqim,tegyrius,leader"
"Cock Robin (Justicar)","The Nosferatu Justicar. Confirmed in the 2023 post-Conclave shuffle.","npc,justicar,nosferatu,cock robin,leader"
"Lucinde (Justicar)","The Ventrue Justicar and Alastor. One of the most powerful Kindred in the Camarilla.","npc,justicar,ventrue,lucinde,leader"
"Ulugh Begh (Justicar)","The Tremere Justicar. Known for a hardline stance against the Sabbat. His Archon Ferrum Civis died in Asheville.","npc,justicar,tremere,ulugh begh,leader"
"Madame Guil (Justicar)","The Toreador Justicar. An ally of Tallula Donegan who protected the domain from scrutiny for years.","npc,justicar,toreador,madame guil,leader"
"Theo Bell (Justicar)","The Brujah Justicar. Famous for killing Hardestadt. Represents the 'Loyalist' Brujah.","npc,justicar,brujah,theo bell,leader"
"Imperator Karsh","The Warlord of the Camarilla who vanished in 2023, leaving a power vacuum in the military leadership.","npc,imperator,karsh,missing,mystery"
"Anarch Revolt (Argentina)","Reference to the defection of Ana Maria Alverez and the fall of Rosario to the Anarchs in late 2024.","history,2024,anarch,argentina,ana maria"
"The Independent Alliance","A faction (Setites, Giovanni, etc.) that ratified a decision in Las Vegas (Sept 2025) to attack the Sabbat.","faction,independent,politics,war,alliance"
"Palla Grande Offensive (2025)","A coordinated strike by the Independent Alliance against Sabbat strongholds (Atlanta, Savannah) on Halloween 2025.","history,2025,war,sabbat,halloween,offensive"
"Judicial Conclave","A high-level Camarilla court meeting to decide major laws or judge high-profile cases (like the Red List).","event,conclave,court,politics,law"
"Grand Conclave","The highest gathering of the Camarilla, occurring rarely (last in 2023), where Justicars are chosen.","event,conclave,supreme,politics,gathering"
"Monomacy","Ritual duel for leadership or grievance resolution, used by the Sabbat (and occasionally Asheville Kindred).","rules,combat,duel,sabbat,ritual"
"Diocese of WNC","The Sabbat organizational term for Western North Carolina.","term,sabbat,territory,wnc,diocese"
"Land of the Sky","The poetic name for the Asheville domain, used in treaties and titles.","term,asheville,name,title,setting"
"The Ivory Tower","Metaphor for the Camarilla.","term,camarilla,metaphor,name"
"The Sword of Caine","Metaphor for the Sabbat.","term,sabbat,metaphor,name"
"Lupine War","The ongoing conflict between Asheville Kindred and the Garou, flaring up in 1900 and again in 2024.","history,war,lupines,garou,conflict"
"Pentex","A mega-corporation mentioned in 1888 history as working with George Vanderbilt. Enemy of the Garou.","lore,pentex,corporation,enemy,wyrm"
"George Vanderbilt","Mortal tycoon whose estate purchase in 1888 catalyzed the Kindred population of Asheville.","npc,mortal,history,vanderbilt,biltmore"
"Industrial Revolution","The era that allowed vampires to finally settle the 'urban valleys' of the mountains in numbers.","history,industrial,settlement,growth"
"Cross-Appalachian Travel","The strategic goal of the Sabbat in 1910—to control the mountain passes for movement.","history,sabbat,strategy,travel,geography"
"The Great Fire of London (1666)","Historical event mentioned in Tallula's backstory that ruined her family.","history,background,tallula,london,fire"
"Julie d’Aubigny (La Maupin)","Historical figure cited as the 'vibe' for Tallula Donegan.","flavor,inspiration,tallula,duelist,opera"
"Highland Hospital","Site of Zelda Fitzgerald's death/embrace.","location,history,zelda,hospital"
"Basilica of St. Lawrence","Established as Elysium in 1991. The primary court location.","location,elysium,basilica,court"
"Primogen Council","The ruling council of the domain. Composition has shifted over the years (Gangrel out/in, Banu Haqim in).","politics,council,primogen,government"
"Black Mountain","Outlying town mentioned as a Sabbat stronghold in 1991 and present day.","location,sabbat,black mountain,territory"
"Waynesville","Outlying town mentioned as a Sabbat stronghold.","location,sabbat,waynesville,territory"
"The Harpy's Ledger","The record of boons and status maintained by the Harpy.","item,harpy,records,boons,status"
"Second Inquisition","The modern threat of government hunters (FBI/NSA).","antagonist,si,hunters,fbi,threat"
"Gehenna Cults","Cults predicting the end of the world, cracked down upon by Tallula in 1999.","lore,gehenna,cult,religion,history"
"Path of Honorable Accord","The Path of Enlightenment Tallula followed before switching to Humanity in 2002.","lore,path,sabbat,tallula,history"
"Autark","A vampire outside the sect system. Johannan Wilder was one before 2011.","term,unaligned,autark,independent"
"Schismatics","The faction of Banu Haqim that split from Alamut to join the Camarilla.","faction,banu haqim,schismatics,camarilla"
"Vizier","A caste of Banu Haqim focused on administration and scholarship (e.g., Magda Doluda).","term,banu haqim,caste,scholar"
"Warrior","A caste of Banu Haqim focused on combat (e.g., Daveed Fourié).","term,banu haqim,caste,fighter"
"Sorcerer","A caste of Banu Haqim focused on blood magic.","term,banu haqim,caste,mage"
"Anathema","Another name for the Red List.","term,red list,hunted,criminal"
"Kindred Involvement (1888)","The start of significant vampire activity in WNC.","history,1888,start,timeline"
"War with Lupines (1900)","The first major war securing the domain.","history,1900,war,lupines"
"Sabbat Join the Fight (1910)","The Sabbat's entry into the local conflict.","history,1910,sabbat,war"
"Land of the Sky Falls (1914)","The conquest of Asheville by the Sabbat.","history,1914,sabbat,conquest"
"Unsteady Truce (1914)","The agreement between Sabbat and Lupines.","history,1914,truce,lupines"
"Grove Arcade Finished (1929)","Completion of the major skyscraper.","history,1929,grove,building"
"Treaty of Land of the Sky (1991)","The return of the domain to the Camarilla.","history,1991,camarilla,return"
"First Assassination Attempt (1992)","Black Hand attack on Tallula.","history,1992,sabbat,attack"
"Red Star Shines (1999)","The omen of Gehenna.","history,1999,gehenna,omen"
"Schismatics Find a Seat (2000)","Banu Haqim entry to council.","history,2000,banu haqim,council"
"Arboretum becomes Elysium (2001)","Expansion of domain territory.","history,2001,elysium,arboretum"
"Change is here to stay (2002)","Tallula's path change.","history,2002,tallula,path"
"Gangrel Return (2011)","Reinstatement of Gangrel Primogen.","history,2011,gangrel,council"
"Grand Conclave (2023)","Global Camarilla shifts.","history,2023,conclave,global"
"The City of Enoch","The First City, built by Caine and his childer. A place where mortals and vampires lived in peace before the Great Deluge destroyed it. Caine ruled here as King.","lore,history,enoch,caine,first city,deluge"
"The Second City","Built by the Antediluvians after the Flood in defiance of Caine. It was rife with betrayal and eventually destroyed when the Brujah founder Troile committed diablerie against their sire.","lore,history,second city,antediluvians,betrayal"
"Carthage","The ancient city of the Brujah, where vampires lived openly with mortals. It was destroyed by the Ventrue and Roman armies, who salted the earth to bind the infernalists believed to hide there.","lore,history,carthage,brujah,ventrue,rome,war"
"Kaymakli","The underground city in Turkey where Cappadocius held the 'Feast of Folly', sealing thousands of his 'unworthy' childer in the tunnels to starve or fall to the Beast.","lore,history,cappadocian,giovanni,feast of folly,kaymakli"
"Chorazin","The accursed city of the Baali. Believed to be where the infernalist clan retreats to worship their dark masters and await Gehenna.","lore,history,baali,chorazin,infernal,city"
"Convention of Thorns (1493)","The treaty signed at the Abbey of the Sacred Crown that ended the first Anarch Revolt. It officially formed the Camarilla and forced the Anarchs to join or flee (becoming the Sabbat).","lore,history,treaty,camarilla,anarch,1493"
"The Promise of 1528","The non-interference treaty between the Camarilla and Clan Giovanni. The Giovanni agreed to stay out of sect politics in exchange for sovereignty over Venice and free trade.","lore,history,treaty,giovanni,camarilla,1528"
"Code of Milan","The governing document of the Sabbat, emphasizing the duality of freedom and loyalty. It was adopted to stabilize the sect during civil wars in the New World.","lore,history,sabbat,law,code of milan,freedom"
"Status Perfectus","The founding document of the Anarch Free States in California. It attempted to apply modern democratic principles to vampiric society, rejecting the feudal Prince system.","lore,history,anarch,california,democracy,law"
"The Shadow Curtain","A mystical barrier erected by the Nosferatu Methuselah Baba Yaga over Eastern Europe (Russia), isolating it from the rest of the vampiric world for decades.","lore,history,baba yaga,nosferatu,russia,magic"
"Nictuku","Monstrous vampires created by the Nosferatu Antediluvian to hunt down and destroy his own clan. They are the boogeymen of the Sewer Rats.","lore,history,nosferatu,enemy,nictuku,hunter"
"Week of Nightmares (1999)","The apocalyptic event in Bangladesh where the Ravnos Antediluvian awoke. The resulting psychic backlash drove the Ravnos clan mad, leading to their near-extinction.","lore,history,ravnos,apocalypse,1999,week of nightmares"
"Cainite Heresy","A Gnostic belief from the Dark Ages claiming vampires were angels sent by God to rule over mortals. It infiltrated the Church before being crushed by the Inquisition.","lore,history,religion,heresy,church,dark ages"
"Euagetaematikon","The 'Book of Blood'. The sacred text of the Cainite Heresy.","lore,item,book,heresy,religion"
"The Great Prank","The event in the late 20th century where the Malkavian Elders restored the discipline of Dementation to the clan, replacing Dominate for most members.","lore,history,malkavian,dementation,prank,change"
"Knights of the Moon","A faction of Malkavians who resisted the Great Prank. They retain the discipline of Dominate and often manifest insanity as cold sociopathy rather than manic delusion.","lore,faction,malkavian,dominate,knights"
"Schismatics","The faction of Assamites (Viziers and Sorcerers) who fled Alamut and the madness of ur-Shulgi to seek sanctuary in the Camarilla.","lore,faction,assamite,banu haqim,refugees"
"Laibon","The vampires of Africa. They possess distinct lineages (legacies) and govern themselves under the Ebony Kingdom, separate from the Camarilla and Sabbat.","lore,faction,africa,laibon,ebony kingdom"
"Guruhi","A Laibon lineage of kings and land-rulers in Africa. They blend ancient tradition with modern corporate engineering.","lore,bloodline,laibon,guruhi,africa,kings"
"Ishtarri","A Laibon lineage (and Toreador bloodline) of diplomats, spies, and hedonists. They are known for their beauty and dual nature.","lore,bloodline,laibon,ishtarri,toreador,africa"
"Osebo","A Laibon lineage of warriors. They are often associated with the Beast and serve as the guardians of the Ebony Kingdom.","lore,bloodline,laibon,osebo,africa,warriors"
"Angellis Ater","The 'Black Angels'. A bloodline of Lasombra who turned to infernalism and joined the Baali. They combine Obtenebration with Daimoinon.","lore,bloodline,lasombra,baali,infernal,black angels"
"Telyav","A bloodline of Lithuanian Tremere who practiced animistic magic and rejected the Pyramid. They were believed destroyed but hide among the Sabbat.","lore,bloodline,tremere,sabbat,magic,telyav"
"Premascine","A Giovanni bloodline that acts as a throwback to the Cappadocians. They can learn the Mortis Path of Necromancy and often appear corpse-like.","lore,bloodline,giovanni,cappadocian,necromancy"
"Szlachta","War ghouls created by the Tzimisce using Vicissitude. They are lobotomized, armored with bone, and armed with bone-spurs.","lore,creature,ghoul,tzimisce,war,weapon"
"Gargoyles","A slave race created by the Tremere from the body parts of Gangrel, Nosferatu, and Tzimisce to fight in the Gargoyle Revolt. Now a free bloodline.","lore,bloodline,gargoyle,tremere,slave,construct"
"Harbingers of Skulls","The remnants of the Cappadocian clan who returned from the Shadowlands (or Kaymakli) to join the Sabbat. They wear masks to hide their skull-like faces.","lore,bloodline,cappadocian,sabbat,necromancer,revenant"
"Salubri Healers (Lambs)","The original caste of the Salubri clan. Persecuted by the Tremere, they seek Golconda and practice the healing art of Obeah.","lore,bloodline,salubri,healer,obeah,lamb"
"Salubri Warriors","The caste of Salubri who turned to war to survive. They joined the Sabbat and practice the discipline of Valeren (burning righteous fire).","lore,bloodline,salubri,warrior,sabbat,valeren"
"Daughters of Cacophony","A bloodline known for their supernatural voices (Melpominee). They are often called 'Sirens' and can shatter minds or objects with song.","lore,bloodline,daughters,siren,melpominee,music"
"Samedi","A bloodline of rotting necromancers. They resemble zombies and practice Thanatosis (decay). They often work as mercenaries.","lore,bloodline,samedi,necromancer,zombie,thanatosis"
"Lhiannan","A rare, druidic bloodline of the Gangrel (or independent) linked to spirit magic (Ogham). They are hunted and nearly extinct.","lore,bloodline,gangrel,druid,magic,extinct"
"Kiasyd","The 'Weirdlings'. A Sabbat bloodline created from Lasombra experimentation with Fae blood. They are tall, pale scholars who study the Abyss and Arcadia.","lore,bloodline,sabbat,kiasyd,fae,lasombra"
"Nagaraja","A bloodline of flesh-eating necromancers. They possess sharp teeth and must consume human flesh in addition to blood.","lore,bloodline,nagaraja,cannibal,necromancer"
"True Brujah","A bloodline claiming to be the true descendants of the Antediluvian Brujah, viewing the main clan as rebels who killed their sire. They master Time (Temporis).","lore,bloodline,brujah,true brujah,time,temporis"
"Inner Circle","The true ruling body of the Camarilla. A group of Elders (one from each clan) who meet every 13 years to set policy and appoint Justicars. They remain anonymous.","lore,camarilla,leadership,inner circle,politics"
"Justicar","The judges and enforcers of the Inner Circle. There is one for each pillar clan. They have absolute authority to enforce the Traditions and command Archons.","lore,camarilla,title,justicar,judge"
"Archon","A high-ranking agent of a Justicar. They travel the world enforcing Camarilla law and investigating threats.","lore,camarilla,title,archon,agent"
"Alastor","A specialized Archon or agent dedicated solely to hunting those on the Red List (The Anathema). They carry a 'Trophy' tattoo.","lore,camarilla,title,alastor,hunter,red list"
"The Red List","A list of the most wanted criminals in the Camarilla. Vampires on this list are 'Anathema' and must be destroyed by any Camarilla member on sight.","lore,camarilla,law,red list,anathema,bounty"
"Trophy","The physical mark (tattoo) carried by an Alastor, identifying them as a hunter of the Red List.","lore,camarilla,mark,alastor,trophy"
"Auctoritas Ritae","The High Rituals of the Sabbat. Thirteen rituals (like the Vaulderie, Creation Rites, Monomacy) practiced by the entire sect to ensure loyalty and unity.","lore,sabbat,ritual,auctoritas ritae,religion"
"Ignoblis Ritae","The Low Rituals of the Sabbat. Custom rituals created by individual packs to bond them together. Unique to each pack.","lore,sabbat,ritual,ignoblis ritae,pack"
"Vaulderie","The defining rite of the Sabbat. A communal blood-drinking ritual that breaks existing blood bonds and creates a 'Vinculum' (loyalty tie) to the pack.","lore,sabbat,ritual,vaulderie,blood bond"
"Monomacy","The Sabbat rite of ritual duel. Used to settle grievances or challenge leadership positions. The winner is often entitled to diablerize the loser.","lore,sabbat,ritual,monomacy,duel,combat"
"Creation Rites","The Sabbat method of Embrace. Often involves 'shovelheading'—draining a victim, bashing them with a shovel, and burying them to claw their way out.","lore,sabbat,ritual,embrace,shovelhead"
"Palla Grande","The Grand Ball. A major Sabbat festival held on Halloween (or Walpurgis Night). A mockery of Camarilla court involving excess and a blood feast.","lore,sabbat,ritual,palla grande,festival"
"War Party","A Sabbat rite where a pack hunts a specific potent enemy (usually an Elder) to diablerize them.","lore,sabbat,ritual,war party,hunt"
"Wild Hunt","A Sabbat rite where the sect hunts down a traitor who has revealed Sabbat secrets. The traitor is usually staked and burned.","lore,sabbat,ritual,wild hunt,justice"
"Fire Dance","A Sabbat rite where vampires prove their bravery by jumping through fire. Builds courage against Rötschreck.","lore,sabbat,ritual,fire dance,bravery"
"Games of Instinct","Sabbat 'sports' used to hone predatory skills. Examples include 'Cowboys and Indians' (hunting mortals) or 'Demolition Derby'.","lore,sabbat,ritual,games,sport"
"Sermon of Caine","The Sabbat rite of reading from the Book of Nod to remind the pack of their history and holy purpose.","lore,sabbat,ritual,sermon,religion,nod"
"Regent","The spiritual and temporal leader of the entire Sabbat sect. Believed to rule in Caine's stead.","lore,sabbat,title,regent,leader"
"Cardinal","A high-ranking Sabbat leader overseeing a vast geographic region (like the East Coast). They coordinate the war effort.","lore,sabbat,title,cardinal,general"
"Archbishop","The ruler of a Sabbat city. Equivalent to a Camarilla Prince, but often more of a spiritual and military commander.","lore,sabbat,title,archbishop,leader"
"Bishop","A Sabbat leader who advises the Archbishop or oversees a specific aspect of the city (e.g., Bishop of War, Bishop of Rituals).","lore,sabbat,title,bishop,advisor"
"Ductus","The leader of a Sabbat pack. Responsible for tactics and logistics.","lore,sabbat,title,ductus,pack leader"
"Priest (Sabbat)","The spiritual leader of a Sabbat pack. Responsible for conducting Ritae and maintaining morale.","lore,sabbat,title,priest,pack leader"
"Templar (Paladin)","An elite Sabbat warrior sworn to protect a Bishop, Archbishop, or Cardinal.","lore,sabbat,title,templar,bodyguard"
"Black Hand","The 'Lost Tribe'. A secret military order within the Sabbat (and beyond) dedicated to the service of the Antediluvians (or Caine, depending on the faction).","lore,sabbat,faction,black hand,military"
"Loyalists","A Sabbat faction that believes in absolute freedom. They reject hierarchy and only obey Caine's direct commands (which are none).","lore,sabbat,faction,loyalist,anarch"
"Ultra-Conservatives","A Sabbat faction that favors strict centralization and military discipline to win the Gehenna War.","lore,sabbat,faction,conservative,military"
"Status Quo","The Sabbat faction that seeks to maintain the current power structure of the sect (Lasombra/Tzimisce leadership).","lore,sabbat,faction,status quo,moderate"
"Pander","The Clanless of the Sabbat. Led by Joseph Pander, they fought for recognition as a legitimate 'clan' within the sect.","lore,sabbat,bloodline,pander,caitiff"
"Sweeper","An Anarch title for a vampire who introduces newcomers to the domain and ensures they know the local rules.","lore,anarch,title,sweeper,greeter"
"Agitator","An Anarch title for a vampire who stirs up debate and questions the status quo to keep the movement honest.","lore,anarch,title,agitator,rebel"
"The Baronies","The territories within an Anarch Free State, ruled by individual Barons.","lore,anarch,structure,barony,territory"
"Consistory","The council of Cardinals and Prisci that advises the Regent of the Sabbat.","lore,sabbat,structure,consistory,council"
"Priscus","An advisor in the Sabbat with great status but no temporal command. They advise the Consistory.","lore,sabbat,title,priscus,advisor"
"Noddism","The study of the Book of Nod and the history of Caine. Central to Sabbat theology.","lore,sabbat,religion,noddism,caine"
"Path of Enlightenment","An alternative moral code to Humanity, used by Sabbat and Elders to control the Beast. Examples: Path of Caine, Path of Lilith, Path of Night.","lore,mechanics,path,morality,sabbat"
"Prince (Praxis Holder)","The supreme ruler of a Camarilla domain. They hold the right of Praxis, the authority to create progeny, judge disputes, and call Blood Hunts. Their word is law within the city limits.","title,camarilla,prince,ruler,praxis,authority"
"Seneschal","The Prince's second-in-command and chamberlain. They oversee the nightly operations of the domain, manage the Prince's schedule, and act as ruler when the Prince is unavailable or torpid.","title,camarilla,seneschal,deputy,chamberlain,administrator"
"Harpy","The arbiter of social status and scandal. They maintain the ledger of boons, announce who is 'in' or 'out' of favor, and punish social faux pas with status bans like 'Vulgar' or 'Disgraced'.","title,camarilla,harpy,social,status,judge"
"Sheriff","The martial enforcer of the Prince's will. Responsible for physical security, investigating crimes against the Traditions, and hunting down enemies of the domain. They may appoint Deputies to assist them.","title,camarilla,sheriff,enforcer,police,martial"
"Keeper of Elysium","The guardian of the domain's most sacred grounds. They ensure the sanctity of Elysium, confiscate weapons, and manage the comfort and entertainment of guests. They have absolute authority within the Elysium's walls.","title,camarilla,keeper,elysium,guardian,host"
"Scourge","A controversial position tasked with population control. They hunt down and destroy the 'unwanted': Caitiff, thin-bloods, and unauthorized neonates who have not been presented to the Prince.","title,camarilla,scourge,hunter,population control,killer"
"Primogen","A member of the council of elders that advises the Prince. Typically, there is one Primogen for each 'Pillar Clan' in the city. They represent their clan's interests and check the Prince's power.","title,camarilla,primogen,council,advisor,clan leader"
"Whip","The assistant and enforcer for a Primogen. They keep the clan members in line, communicate the Primogen's orders, and act as a proxy in council meetings when the Primogen is absent.","title,camarilla,whip,assistant,clan enforcer,deputy"
"Justicar","One of the supreme judges of the Camarilla, elected by the Inner Circle to a 13-year term. There is one Justicar for each clan. They have the power to depose Princes and command the entire sect's resources.","title,camarilla,justicar,supreme judge,leader,global"
"Archon","An agent and deputy of a Justicar. They travel the world enforcing the Justicar's will, investigating corruption, and hunting the Red List. They carry the full authority of their patron.","title,camarilla,archon,agent,deputy,enforcer"
"Alastor","A specialized Archon or hunter dedicated solely to pursuing those on the 'Red List' (the Anathema). They are marked with a magical tattoo (The Trophy) and have global authority to command assistance.","title,camarilla,alastor,red list,hunter,specialist"
"Inner Circle","The secretive ruling body of the entire Camarilla. Composed of the eldest members of each clan, they meet every 13 years in Venice to set global policy and appoint Justicars.","title,camarilla,inner circle,ruler,secret,global"
"Imperator","A rare military title for the supreme commander of the Camarilla's forces during times of great war. Karsh is the most famous Imperator.","title,camarilla,imperator,general,warlord,military"
"Praxis","The claim of right to rule a domain. A Prince 'claims Praxis' to establish their sovereignty. It must be backed by the ability to enforce it and the recognition of the court.","term,camarilla,praxis,sovereignty,rule,law"
"Domain","The physical territory claimed by a Prince or granted to a vassal. The holder of a domain has the right to feed within it and restrict access to others.","term,camarilla,domain,territory,land,feeding"
"Elysium","A designated location where violence is strictly forbidden. It is a neutral ground for art, politics, and socialization. Breaching the peace of Elysium is a capital offense.","term,camarilla,elysium,sanctuary,peace,neutral"
"The Rack","The prime feeding grounds of a city (e.g., club districts). Access to the Rack is a privilege granted by the Prince, often reserved for Elders and Primogen.","term,camarilla,rack,feeding,territory,privilege"
"Hound","A slang term or official title for a Deputy Sheriff. They assist the Sheriff in patrolling the domain and subduing criminals.","title,camarilla,hound,deputy,sheriff,enforcer"
"Deputy","An assistant to an official (Sheriff, Scourge, Keeper). They derive their authority from their superior and serve at their pleasure.","title,camarilla,deputy,assistant,enforcer,minion"
"Chancellor","A title sometimes used for the Keeper of records or a high-ranking advisor who manages the city's mortal influence and bureaucracy.","title,camarilla,chancellor,bureaucrat,advisor,clerk"
"Herald","A messenger of the Prince. They deliver proclamations, summons, and warnings to the Kindred of the city. In some courts, this role is merged with the Harpy or Seneschal.","title,camarilla,herald,messenger,voice,official"
"Ambassador","A representative from another domain or sect (rarely). They negotiate treaties and maintain diplomatic channels.","title,camarilla,ambassador,diplomat,envoy,foreigner"
"Consul","A representative of the Camarilla sent to a non-Camarilla city (like an Anarch Free State) to act as a liaison and observer.","title,camarilla,consul,diplomat,observer,spy"
"Prince's Court","The collective body of officers and acknowledged Kindred who attend the Prince's gatherings. It is the center of social and political life.","term,camarilla,court,gathering,society,politics"
"Acknowledged","A status trait indicating a neonate has been accepted by the Prince as a full member of Camarilla society. Without it, a vampire has no rights.","status,camarilla,acknowledged,membership,citizenship"
"Unacknowledged","A vampire who has not been presented to or accepted by the Prince. They are effectively non-citizens and have no protection under the Traditions.","status,camarilla,unacknowledged,outcast,vulnerable"
"Fledgling","A young vampire who is still under the accounting of their sire. They are not yet independent and their sire is responsible for their actions.","status,camarilla,fledgling,child,dependent"
"Neonate","A young vampire (typically <50 years active) who has been released/acknowledged but has not yet earned the rank of Ancilla.","status,camarilla,neonate,rank,young"
"Ancilla","A vampire of intermediate age and status (typically 50-300 years). They serve as the ambitious middle management of the sect, aiming for Elder status.","status,camarilla,ancilla,rank,middle management"
"Elder","A vampire of significant age (300+ years) and power. They hold the highest positions and command the most respect (and fear).","status,camarilla,elder,rank,leader,ancient"
"Methuselah","A vampire of incredible age (1000+ years), often of the 4th or 5th generation. They are rarely seen in open court and are feared for their godlike power.","status,camarilla,methuselah,ancient,myth,god"
"Antediluvian","The progenitors of the clans, from the time before the Great Flood. They are the sleeping gods of the Kindred, whose waking brings Gehenna.","status,camarilla,antediluvian,progenitor,god,apocalypse"
"Autarkis","A vampire who refuses to join the Camarilla or any other sect, living on the fringes of society. They claim no rights and offer no allegiance.","status,camarilla,autarkis,independent,rogue"
"Caitiff","A vampire of no clan. They are treated as second-class citizens or worse, often rounded up by the Scourge or used as scapegoats.","status,camarilla,caitiff,clanless,pariah,scum"
"Thin-Blood","A vampire of high generation (14th/15th) with weak blood. They are viewed as harbingers of Gehenna and are often hunted or barred from the city.","status,camarilla,thin-blood,weak,omen,hunted"
"Ghoul","A mortal servant fed vampire blood. They serve as daylight agents, bodyguards, and retainers. They are considered property of their domitor.","term,camarilla,ghoul,servant,property,mortal"
"Domitor","The vampire master of a ghoul. They hold the blood bond and command the ghoul's loyalty.","title,camarilla,domitor,master,owner"
"Sire","The vampire who created another. Under the Tradition of Accounting, they are responsible for their childe's education and behavior.","title,camarilla,sire,parent,creator,teacher"
"Childe","The progeny of a vampire. Until released, they are the responsibility of their sire.","title,camarilla,childe,offspring,student"
"Brood","A group of vampires sired by the same vampire. They are 'siblings' in blood.","term,camarilla,brood,family,siblings"
"Lineage","The genealogy of a vampire, tracing back to the Antediluvian. Ventrue and Lasombra place immense value on reciting and documenting lineage.","term,camarilla,lineage,ancestry,pedigree,history"
"Regent (Tremere)","The leader of a local Tremere Chantry. They govern the Warlocks of the city and report to the Lord or Pontifex of the region.","title,camarilla,tremere,regent,chantry leader,magician"
"Pontifex","A high-ranking Tremere leader overseeing a vast geographic region (consisting of several domains). They answer to the Council of Seven.","title,camarilla,tremere,pontifex,regional leader,magician"
"Lord (Tremere)","A Tremere rank above Regent but below Pontifex. They oversee a cluster of Chantries.","title,camarilla,tremere,lord,middle management,magician"
"Apprentice","A Tremere rank for a neonate or ancilla who has not yet achieved the rank of Regent. There are seven circles of apprenticeship.","title,camarilla,tremere,apprentice,student,rank"
"Primogen Council","The collective body of Primogen. They meet to vote on domain issues, advise the Prince, and in some cities, elect the Prince.","term,camarilla,council,government,legislature"
"The Directorate","A term sometimes used for the Ventrue board of elders who direct clan policy within a city or region.","term,camarilla,ventrue,directorate,board,leadership"
"Pyramid","The rigid hierarchical structure of Clan Tremere. Every member has a specific rank and superior they must obey.","term,camarilla,tremere,pyramid,hierarchy,structure"
"Spearman","A slang term (often derogatory) for a ghoul or low-ranking neonate used as cannon fodder or muscle.","term,camarilla,slang,muscle,pawn"
"Seneschal's Whip","A rare title for an assistant specifically to the Seneschal, handling administrative enforcement rather than clan matters.","title,camarilla,whip,assistant,administrator,rare"
"Regent","The supreme leader of the Sabbat, ruling in the name of Caine. They interpret the Book of Nod and set the spiritual and military direction of the entire sect. They rule from Mexico City.","title,sabbat,regent,leader,supreme,caine's proxy"
"Cardinal","A high-ranking Sabbat leader who oversees a vast geographic region (e.g., the East Coast). They coordinate war efforts, sieges, and the movements of Archbishops. They hold a seat on the Consistory.","title,sabbat,cardinal,general,regional leader,overseer"
"Archbishop","The ruler of a Sabbat city or domain. Unlike a Prince, their rule is often shared with a council of Bishops, though they are the ultimate authority in military and spiritual matters for that city.","title,sabbat,archbishop,city leader,prince equivalent,ruler"
"Bishop","A lieutenant to an Archbishop or a leader of a specific aspect of the city's governance (e.g., Bishop of War, Bishop of the Faith). They advise the Archbishop and command respect from local packs.","title,sabbat,bishop,advisor,lieutenant,council"
"Priscus","An advisor of immense status but technically no command authority. They form the 'Consistory' that advises the Regent and Cardinals. Packs often seek their wisdom or patronage.","title,sabbat,priscus,advisor,elder,consistory"
"The Consistory","The governing council of the Sabbat, comprised of Cardinals and Prisci. They advise the Regent and help steer the Sword of Caine.","title,sabbat,consistory,council,government,leadership"
"Ductus","The tactical leader of a Sabbat pack. Chosen by the pack (not appointed from above), they make the combat decisions and decide the pack's immediate goals.","title,sabbat,ductus,pack leader,captain,tactician"
"Pack Priest","The spiritual leader of a Sabbat pack. They conduct the Auctoritas Ritae (like the Vaulderie) and ensure the pack remains loyal to the sect and true to their Path of Enlightenment.","title,sabbat,priest,spiritual leader,ritualist,guide"
"Abbot","The pack member responsible for the maintenance, security, and logistics of the communal haven. They ensure the pack has blood, weapons, and a safe place to sleep.","title,sabbat,abbot,quartermaster,logistics,haven keeper"
"Templar (Paladin)","An elite warrior sworn to protect a specific leader (Bishop, Archbishop, Cardinal). They are the bodyguards and executioners of the Sabbat hierarchy, answering only to their charge.","title,sabbat,templar,paladin,bodyguard,enforcer"
"Inquisitor","A member of the Sabbat Inquisition. They investigate infernalism and treason within the sect. They have the authority to accuse and try even high-ranking leaders.","title,sabbat,inquisitor,investigator,internal affairs,judge"
"Grand Inquisitor","The head of the Sabbat Inquisition. A terrifying figure who directs the hunt for infernalists and heretics across the entire sect.","title,sabbat,grand inquisitor,leader,judge,feared"
"Judge Inquisitor","A high-ranking Inquisitor authorized to convene tribunals and pass judgment on suspected traitors or infernalists.","title,sabbat,judge inquisitor,judge,prosecutor,law"
"Knight Inquisitor","The martial arm of the Inquisition. They hunt down those accused by the Judges and drag them to trial (or destroy them if they resist).","title,sabbat,knight inquisitor,enforcer,hunter,soldier"
"The Black Hand (Faction)","A secret military sub-sect within the Sabbat. They are the special forces of the Sword of Caine, dedicated to the most dangerous missions and the protection of the sect's oldest secrets.","title,sabbat,black hand,special forces,military,secret"
"Seraph","One of the four supreme commanders of the Black Hand. They answer only to the Regent (and technically the Consistory, though this is debated).","title,sabbat,seraph,black hand,general,commander"
"Dominion","A mid-level commander in the Black Hand, leading a 'Kamut' (a pack of Black Hand operatives).","title,sabbat,dominion,black hand,captain,officer"
"Cadet","A recruit in training for the Black Hand. They must survive rigorous trials to become a full member.","title,sabbat,cadet,black hand,recruit,trainee"
"True Sabbat","A vampire who has proven themselves to the sect (usually after surviving their Creation Rites and first siege). They are full members with the right to speak in council.","status,sabbat,true sabbat,member,citizen,proven"
"False Sabbat","A vampire who claims membership but has not yet proven themselves (or is suspected of treason). They have no rights and are often used as cannon fodder.","status,sabbat,false sabbat,unproven,fodder,suspect"
"Shovelhead","A slang term for a mass-embraced vampire, created by being drained, fed blood, hit with a shovel, and buried. If they claw their way out, they join the siege. Most die or are destroyed.","title,sabbat,shovelhead,infantry,cannon fodder,slang"
"Cainite","The preferred term Sabbat vampires use for themselves, emphasizing their descent from Caine and rejection of their human past (unlike 'Kindred').","term,sabbat,cainite,identity,vampire,proud"
"Noddist","A scholar of the Book of Nod. They study the lore of Caine and the Antediluvians, seeking signs of Gehenna.","title,sabbat,noddist,scholar,historian,priest"
"Keeper of the Code","A title sometimes given to a vampire (often a Priest or Priscus) renowned for their knowledge of the Code of Milan and Sabbat law.","title,sabbat,keeper of the code,lawyer,judge,scholar"
"War Party Leader","A temporary title for a vampire leading a 'War Party' hunt. They have absolute authority during the hunt.","title,sabbat,war party,leader,hunt,temporary"
"Wild Hunt Leader","A temporary title for a vampire leading a 'Wild Hunt' against a traitor. They are deputized to destroy the target by any means necessary.","title,sabbat,wild hunt,leader,executioner,temporary"
"Loyalist (Faction)","A Sabbat member who believes in absolute freedom and rejects the hierarchy of Regents and Cardinals. They follow Caine's example of answering to no one.","faction,sabbat,loyalist,anarch,rebel,freedom"
"Ultra-Conservative (Faction)","A Sabbat member who believes the sect needs strict military discipline and centralization to win the Gehenna War. They support the Regent and the hierarchy.","faction,sabbat,ultra-conservative,authoritarian,military,order"
"Status Quo (Faction)","A Sabbat member who supports the current balance of power (Lasombra/Tzimisce leadership) and the Code of Milan as it stands.","faction,sabbat,status quo,moderate,balance,political"
"Pander (Title)","A member of the Pander bloodline (Clanless Sabbat). They have fought for and won the right to be treated as a legitimate tribe within the sect.","title,sabbat,pander,clanless,tribe,legitimate"
"Tzimisce Voivode","An honorary title for a powerful Tzimisce elder, respecting their clan's feudal roots.","title,sabbat,tzimisce,voivode,elder,lord"
"Lasombra Magister","An honorary title for a Lasombra who has mastered the shadows and the games of politics.","title,sabbat,lasombra,magister,master,lord"
"Pack","The fundamental social unit of the Sabbat. A group of vampires bound by the Vinculum (blood bond) who live, fight, and die together.","term,sabbat,pack,unit,family,squad"
"Nomad Pack","A Sabbat pack that travels from city to city, acting as messengers, scouts, or reinforcements. They have no permanent domain.","term,sabbat,nomad,traveler,scout,drifter"
"Founded Pack","A Sabbat pack that settles permanently in a city, establishing a communal haven and taking territory.","term,sabbat,founded pack,settler,resident,territory"
"Kamut","A specific term for a pack comprised entirely of Black Hand operatives.","term,sabbat,kamut,black hand,squad,elite"
"Siege Commander","A temporary title for the leader (often a Cardinal or Archbishop) directing a siege against a Camarilla city.","title,sabbat,siege commander,general,war,temporary"
"Liaison","A vampire appointed to communicate between different packs or factions within a city to ensure unity.","title,sabbat,liaison,messenger,diplomat,coordinator"
"Scout","A pack role for the vampire best suited to reconnaissance and stealth.","title,sabbat,scout,spy,role,pack"
"Scholar","A pack role for the vampire who keeps the lore and knowledge of the pack (often the Priest, but not always).","title,sabbat,scholar,sage,role,pack"
"Enforcer (Pack)","A pack role for the strongest combatant, responsible for physical threats to the pack.","title,sabbat,enforcer,muscle,fighter,pack"
"Face (Pack)","A pack role for the vampire who handles social interactions with outsiders or other packs.","title,sabbat,face,diplomat,social,pack"
"Harbinger","A messenger sent ahead of a nomadic pack or war party to announce their arrival (or issue threats).","title,sabbat,harbinger,messenger,herald,threat"
"Recruiter","A Sabbat vampire who specializes in identifying potential shovelheads or true recruits for the sect.","title,sabbat,recruiter,sire,scout,growth"
"Ritualist","A vampire skilled in the performance of Ignoblis Ritae.","title,sabbat,ritualist,priest,magic,pack"
"Cobbler","A Sabbat vampire (often Nosferatu) who creates fake identities and papers for the pack to move through mortal society.","title,sabbat,cobbler,forger,spy,support"
"Cleaner","A Sabbat vampire responsible for cleaning up the Masquerade breaches (or 'Silence of the Blood' breaches) left after a raid.","title,sabbat,cleaner,fixer,cleanup,support"
"Dogcatcher","A slang term for a Sabbat vampire who specializes in hunting Lupines (werewolves) or gangrel antitribu who have gone feral.","title,sabbat,dogcatcher,hunter,slang,specialist"
"Firewalker","A vampire who has passed the Fire Dance ritual and is respected for their bravery.","status,sabbat,firewalker,brave,veteran,ritual"
"Path Follower","A vampire who has formally adopted a Path of Enlightenment, abandoning Humanity. They are viewed as more 'evolved' by the sect.","status,sabbat,path follower,enlightened,true sabbat,moral"
"E.W. Grove (Keeper Emeritus)","Ventrue Ancilla and owner of the Grove Park Inn. Granted his wish to make the Inn an Elysium in June 2025 by Prince Daveed, shortly before being replaced as Keeper by Michael Valentine.","npc,ventrue,grove,keeper,elysium,builder"
"Sister Tiffany (Elder)","Malkavian Elder (acknowledged May 2025). A former nun and civil rights organizer who served as Harpy from 1992 to 2025. She resigned her post upon reaching Elder status.","npc,malkavian,elder,tiffany,harpy,nun"
"Ken Dances","Reclusive Nosferatu Neonate and host of the pirate radio show 'The Weather'. He has not been seen at a Gather in decades, yet everyone knows his voice.","npc,nosferatu,ken dances,radio,weather,voice"
"Zelda Fitzgerald (Asylum Seeker)","Toreador Childe of Tallula Donegan. Formerly the Sabbat Bishop of the Arts and Emissary. She sought asylum with the Camarilla on August 2nd, 2025, after Mallori Mayhem's rise.","npc,toreador,zelda,sabbat defector,asylum,fitzgerald"
"(Petty) Baron Schaefer","Brujah Baron of Mars Hill. He holds a unique treaty allowing Sabbat members to store heretical books and artifacts in his library for safekeeping as a disinterested third party.","npc,brujah,anarch,baron,schaefer,librarian"
"Archbishop Mallori Mayhem","Malkavian Antitribu. Former Archon to Cardinal Polonia. Claimed the Bloodbath on August 2nd, 2025, establishing a new Sabbat Archdiocese in the region.","npc,sabbat,archbishop,mallori mayhem,leader,malkavian"
"Twist (Bishop)","Nosferatu antitribu. The Sabbat Bishop of Information in the new Mallori Mayhem Archdiocese.","npc,sabbat,bishop,twist,nosferatu,information"
"Sawtooth Pete (Bishop)","Gangrel antitribu. The Sabbat Bishop of Resources. Former Camarilla Primogen who defected back to the Sword of Caine.","npc,sabbat,bishop,sawtooth pete,gangrel,resources"
"Merriam Walker (Bishop)","Ventrue antitribu. The Sabbat Bishop of Security in the new Archdiocese.","npc,sabbat,bishop,merriam walker,ventrue,security"
"Lucien Blake (Bishop)","Lasombra. The Sabbat Bishop of Spirituality. A 'Book of Nod thumping evangelist' who distributes Chick tracts.","npc,sabbat,bishop,lucien blake,lasombra,spirituality"
"Dire (Bishop)","Gargoyle. The Sabbat Bishop of War. A terrifying combatant for the new Archdiocese.","npc,sabbat,bishop,dire,gargoyle,war"
"Archon Tallula Donegan (Deceased?)","Toreador Elder. Named Archon in 2025 and sent to Argentina. Reportedly hurled from the Alvear Tower in Buenos Aires by the traitor Ana Maria Alverez on Nov 1, 2025.","npc,toreador,archon,tallula,dead,betrayed"
"Servire Svetlana Volshebnik","Tremere Elder. Accompanied Tallula to Argentina as her Servire. Reported Tallula's betrayal and death but holds out hope for her survival.","npc,tremere,elder,svetlana,servire,loyal"
"Ana Maria Alverez (Traitor)","Lasombra Elder. Betrayed Archon Tallula in Argentina, declared herself Baron of Rosario, and claimed credit for killing the Archon.","npc,lasombra,traitor,baron,ana maria,antagonist"
"Big Ben (Destroyed)","Elder of unknown clan. Former Seneschal. Bloodhunted by Prince Daveed and destroyed by Elara (Brujah) on July 5th, 2025.","npc,elder,dead,big ben,blood hunt,elara"
"Magda Doluda (Deceased)","Banu Haqim Ancilla and former Primogen. Ashes recovered Dec 7, 2024. Safeguarded the Ukrainian population of Asheville.","npc,banu haqim,dead,magda,primogen,ukraine"
"Sadie (Deceased)","Brujah Elder and former Primogen. Ashes recovered Jan 4, 2025. Former Harpy of Charlotte who moved to Asheville in 2001.","npc,brujah,elder,dead,sadie,primogen"
"Johannan Wilder (Deceased)","Gangrel Ancilla and former Primogen. Ashes recovered Jan 4, 2025. Local expert on Lupines and a known romantic poet.","npc,gangrel,dead,johannan,primogen,poet"
"Hattie McCloud (Deceased)","Malkavian Ancilla and former Primogen. Ashes recovered Dec 7, 2024. Owner of the Rabbit Motel. Known for 'special vintages' of blood.","npc,malkavian,dead,hattie,primogen,rabbit motel"
"funnyM0rray (Missing)","Nosferatu Neonate and former Primogen. Missing since Dec 7, 2024. A darling of the domain known for her love of fandoms.","npc,nosferatu,missing,funnym0rray,primogen,fandom"
"Miles Wilkins (Deceased)","Toreador Neonate and former Primogen. Ashes recovered Jan 4, 2025. Rumored to have paid for his seat. Obsessed with fantasy football.","npc,toreador,dead,miles wilkins,primogen,football"
"Tyrell Jackson (Deceased)","Ventrue Ancilla and former Primogen. Ashes recovered Jan 4, 2025. A sports fan who prided himself on being an 'average guy'.","npc,ventrue,dead,tyrell jackson,primogen,sports"
"Rex the Dick (Destroyed)","Brujah antitribu. Former Sabbat Bishop of Pride. Slain June 7, 2025. Ran a biker gang in Canton.","npc,sabbat,dead,rex,brujah,biker"
"Winter (Destroyed)","Toreador antitribu. Former Sabbat Emissary. Slain May 3, 2025. Ductus of the 150 Guns pack.","npc,sabbat,dead,winter,emissary,toreador"
"Rabbit Motel","A boutique motel run by the late Hattie McCloud. Known for its kitchen and serving kindred clientele.","location,business,hattie,motel,feeding"
"Alvear Tower","The tallest building in Argentina. The site of Tallula Donegan's alleged final death.","location,argentina,tallula,death site,tower"
"Mars Hill Library","The massive collection of heretical lore kept by Baron Schaefer in Mars Hill.","location,mars hill,library,schaefer,lore"
"Biltmore No-Go Zone","The strict edict that no Kindred may enter the Biltmore Estate. It acts as a memorial to the tyrant Prince Evander and is enforced by a fragile treaty with the Lupines.","law,biltmore,ban,lupines,treaty,forbidden"
"Grove House (Nightlife)","A location originally a YWCA, now a hub for Kindred nightlife. Despite the name, it is not owned by E.W. Grove, but was controlled by Prince Tallula Donegan as a public meeting space.","location,grove house,nightlife,tallula,gathering,social"
"Renovations (Grove Arcade)","The official reason given by Prince Daveed Fourié for stripping the Grove Arcade of its Elysium status on December 3rd, 2025. Likely a euphemism for a security breach or political shift.","history,2025,grove arcade,elysium,politics,daveed,coverup"
"Wall Street Tunnels","A network of tunnels underneath Wall Street in Asheville, emphasized as being more extensive and dangerous in the World of Darkness setting than in the real world.","location,tunnels,wall street,nosferatu,geography,warrens"
"Chronicle Theme: Religious Trauma","A specific theme explored in the game due to the setting's Sabbat history, acknowledging that much of the Sabbat's iconography and control mechanisms are twisted from Catholic trappings.","theme,meta,religion,sabbat,trauma,atmosphere"
"Chronicle Theme: Isolation","A central theme of the chronicle, reflecting the geography of the mountains and the political isolation of a Camarilla domain surrounded by Sabbat and Anarch territories.","theme,meta,isolation,geography,mood"
"Chicken Alley","A local Asheville landmark mentioned as existing in the darker Greater Asheville setting, implying the inclusion of local urban legends in the game's atmosphere.","location,flavor,chicken alley,asheville,legend"
"Basilica Catacombs","The hidden depths beneath the Basilica of St. Lawrence. In this setting, they run much deeper than mortals know and serve as secure meeting points or shelters during sieges.","location,basilica,catacombs,elysium,secret,depths"
"Schaefer's Fiefdom","The autonomous Anarch domain centered around Mars Hill University. It is known for hosting a library of texts that would be destroyed by the Camarilla for their heretical or dangerous nature.","location,mars hill,anarch,schaefer,library,heresy"
"The Zeitgeist","The narrative direction of the chronicle, which focuses on growing past Sabbat traditions. Characters seeking to return to the Sabbat are noted to be at odds with the fundamental themes of the game.","theme,meta,narrative,direction,sabbat"
"Unacknowledged Feeding","The specific prohibition against allowing Unacknowledged Kindred to feed within a Clan's assigned territory. It is the Clan's responsibility to police this, not just the Sheriff's.","rules,feeding,law,unacknowledged,policing"
"June 2025 Praxis Shift","The specific date when Prince Daveed Fourié claimed Praxis, resulting in the shuffling of Elysium locations (opening Grove Arcade, closing the Arboretum).","history,2025,praxis,daveed,politics,elysium"
