title,content,keywords
"(Petty) Baron Schaefer","Brujah Baron of Mars Hill. He holds a unique treaty allowing Sabbat members to store heretical books and artifacts in his library for safekeeping as a disinterested third party.","anarch,baron,brujah,librarian,npc,schaefer"
"1888 Vanderbilt Purchase","The year George Vanderbilt began purchasing 12,500 acres for his estate. This event drew the Ventrue Elder Evander to the region to capitalize on the development.","1888,evander,history,vanderbilt,ventrue"
"1900 Establishment of Praxis","The year Prince Evander declared the domain of Asheville safe from Lupines and officially established his Praxis.","1900,evander,founding,history,praxis"
"1910 Sabbat Incursion","The arrival of the Sword of Caine in Asheville, led by the young firebrand Tallula Donegan, seeking a stronghold for cross-Appalachian travel.","1910,history,invasion,sabbat,tallula"
"1914 Betrayal of Evander","The pivotal moment when E.W. Grove betrayed his sire, Prince Evander, to the Sabbat. Evander was destroyed, and the domain fell to the Sword of Caine.","1914,betrayal,coup,evander,grove,history"
"1914 Lupine Truce","A treaty struck by Archbishop Tallula Donegan with the Lupines immediately after taking power. It established the Biltmore Estate as neutral/forbidden ground in exchange for peace.","1914,biltmore,history,lupines,tallula,treaty"
"1927 Grove's Retirement","The year E.W. Grove faked his death/retired his mortal identity to rule entirely from the shadows as a vampire.","1927,grove,history,identity,masquerade"
"1948 Highland Hospital Fire","A disaster used to cover up the scandal of Tallula's affair with the ghoul Zelda Fitzgerald. Zelda was embraced in front of the Diocese after the fire.","1948,fire,history,scandal,tallula,zelda"
"1992 Black Hand Assassination","The first of several failed assassination attempts against Prince Tallula by the Black Hand following her defection to the Camarilla.","1992,assassination,black hand,history,tallula"
"1999 Red Star","Event where the Red Star appeared, prompting Tallula to crackdown on Gehenna cults.","1999,event,gehenna,history,red star"
"2000 Banu Haqim Seat","The year the Banu Haqim (via Magda Doluda) were granted a seat on the Primogen Council, replacing the Gangrel who had renounced it.","2000,banu haqim,history,magda,primogen"
"2001 Arboretum Elysium","The establishment of the NC Arboretum as a second Elysium. It includes an amphitheater for ritual combat, a controversial move that echoed Sabbat traditions.","2001,arboretum,arena,combat,elysium,history"
"2002 Path of Humanity","The year Prince Tallula successfully transitioned from the Path of Honorable Accord to the Path of Humanity, solidifying her Camarilla standing.","2002,history,humanity,path,redemption,tallula"
"2023 Edict of Succession","A decision ratified at the Grand Conclave listing Anarch domains in violation of Camarilla law.","2023,anarch,conclave,edict,history,law"
"2023 Grand Conclave","Major political event. Gangrel rejoined Tower, Karsh vanished, new Justicars named.","2023,conclave,event,history,politics"
"2023 Setite Negotiations","The formal beginning of talks to bring the Ministry (Setites) into the Camarilla, initiated at the Grand Conclave.","2023,conclave,history,ministry,politics,setites"
"Abbot","The pack member responsible for the maintenance, security, and logistics of the communal haven. They ensure the pack has blood, weapons, and a safe place to sleep.","abbot,defender,haven keeper,logistics,quartermaster,rank,sabbat"
"Abrams and Sherman","9th Gen Tzimisce shovelheads trained by Howitzer Prime.","abrams,minions,sabbat,sherman,shovelhead,tank,tzimisce"
"Abyssal Mysticism","Dark blood magic practiced by Lasombra (and some Sabbat). Involves summoning entities from the void. Rio de la Cruz is a practitioner.","abyss,discipline,forbidden,lasombra,magic"
"Acknowledged","A status trait indicating a neonate has been accepted by the Prince as a full member of Camarilla society. Without it, a vampire has no rights.","acknowledged,camarilla,citizenship,membership,status"
"Agitator","An Anarch title for a vampire who stirs up debate and questions the status quo to keep the movement honest.","agitator,anarch,provocateur,rebel,role,title"
"Alastor","A specialized Archon or hunter dedicated solely to pursuing those on the 'Red List' (the Anathema). They are marked with a magical tattoo (The Trophy) and have global authority to command assistance.","agent,alastor,authority,bounty hunter,camarilla,commander,hunter,position,red list,specialist,status,title"
"Ambassador","A representative from another domain or sect (rarely). They negotiate treaties and maintain diplomatic channels.","ambassador,camarilla,diplomat,envoy,foreigner,title"
"Amici Noctis","'The Friends of the Night'. The secret ruling council of Clan Lasombra. Mentioned in relation to Terissa and Maria Ramirez's plots.","council,lasombra,lore,politics,secret society"
"Ana Maria Alverez (Traitor)","Lasombra Elder. Betrayed Archon Tallula in Argentina, declared herself Baron of Rosario, and claimed credit for killing the Archon.","ana maria,antagonist,baron,lasombra,npc,traitor"
"Anarch Free State","A territory where the Camarilla hierarchy is rejected, and Anarchs rule by committee or survival of the fittest. The most famous was Los Angeles before it fell.","anarch domain,liberated zone,no prince,rebel territory"
"Anarch Movement","A sect of vampires who reject the rigid hierarchy of the Camarilla but still mostly uphold the Masquerade. They value freedom and equality (in theory) and often hold territory in 'Free States'. Baron Schaefer runs the local Anarch pocket in Mars Hill.","anarchs,barons,freedom fighters,rebels,revolution,sect"
"Anarch Revolt (Argentina)","Reference to the defection of Ana Maria Alverez and the fall of Rosario to the Anarchs in late 2024.","ana maria,anarch,argentina,history,2024"
"Anathema","Another name for the Red List.","criminal,hunted,red list,term"
"Ancilla","A vampire of intermediate age and status (typically 50-300 years). They serve as the ambitious middle management of the sect, aiming for Elder status.","ambitious,ancilla,camarilla,confirmed,experienced,middle class,middle management,position,proven,rank,status"
"Angellis Ater","The 'Black Angels'. A bloodline of Lasombra who turned to infernalism and joined the Baali. They combine Obtenebration with Daimoinon.","baali,black angels,bloodline,infernal,lasombra,lore"
"Anne Bonny","Historical pirate cited as a 'vibe' for Tallula Donegan.","flavor,inspiration,pirate,rebel,tallula"
"Anne-Marie Honey","11th Gen Brujah of Cast and Crew. Diablerized Dan Drifter. Toady.","anne-marie,brujah,diablerist,sabbat"
"Antediluvian","The progenitors of the clans, from the time before the Great Flood. They are the sleeping gods of the Kindred, whose waking brings Gehenna.","3rd generation,ancients,antediluvian,apocalypse,camarilla,clan founders,god,gods,progenitor,sleeping threats,status"
"Antitribu","'Anti-tribe'. Vampires who have defected from their parent clan's main sect. (e.g., Ventrue antitribu in the Sabbat). They often display twisted versions of their clan traits.","antitribu,defector,sabbat counterpart,traitor,twisted clan"
"Appalachian Covenant Militia (ACM)","A localized hunter organization rooted in Baptist doctrine and mountain survivalism. They view vampires as demons and utilize guerrilla tactics and faith-based weaponry. They are a persistent low-level threat to Kindred operating in the rural outskirts.","acm,antagonist,faith,human threat,hunters,militia,religious fanatics"
"Apprentice","A Tremere rank for a neonate or ancilla who has not yet achieved the rank of Regent. There are seven circles of apprenticeship.","apprentice,camarilla,rank,student,title,tremere"
"Arcady Sabo","Lasombra Neonate and Primogen. A young but ambitious Shadow, he represents his clan's interests and strives to prove that the Lasombra are a pillar of the Ivory Tower, not its enemy. He is involved in the financial and political spheres.","ambitious,arcady,lasombra primogen,neonate,political climber"
"Archbishop","The ruler of a Sabbat city or domain. Unlike a Prince, their rule is often shared with a council of Bishops, though they are the ultimate authority in military and spiritual matters for that city.","archbishop,city leader,leader,prince equivalent,ruler,sabbat,sabbat ruler,title,tyrant"
"Archbishop Mallori Mayhem","Malkavian Antitribu. Former Archon to Cardinal Polonia. Claimed the Bloodbath on August 2nd, 2025, establishing a new Sabbat Archdiocese in the region.","archbishop,leader,malkavian,mallori mayhem,npc,sabbat"
"Architect (Passive Effect)","Passive Effect: You may attend and witness Judicial Conclaves (but may not speak unless given permission). You may also approach and petition any Justicar or hosting Prince at a Conclave.","access,architect,conclave,justicar,mechanic,passive,status"
"Architect (Spent Effect)","Spent Effect: You may place an agenda item as a topic for the Speaker at a Conclave.","agenda,architect,conclave,mechanic,politics,spent,status"
"Archon","An agent and deputy of a Justicar. They travel the world enforcing the Justicar's will, investigating corruption, and hunting the Red List. They carry the full authority of their patron.","agent,archon,camarilla,commander,deputy,enforcer,investigator,justicar's hand,noble,position,status,title"
"Archon Ferrum Civis","Tremere Archon sent to inspect Asheville in Dec 2024. Destroyed upon arrival.","archon,dead,ferrum civis,npc,tremere"
"Archon Tallula Donegan (Deceased?)","Toreador Elder. Named Archon in 2025 and sent to Argentina. Reportedly hurled from the Alvear Tower in Buenos Aires by the traitor Ana Maria Alverez on Nov 1, 2025.","archon,betrayed,dead,npc,tallula,toreador"
"Ascendant (Passive Effect)","Passive Effect: You are immune to the powers of, and may contradict orders given by, any individual who does not have the Ascendant status.","ascendant,authority,immunity,mechanic,passive,status"
"Ascendant (Spent Effect)","Spent Effect: You may give the Negative Status 'Disgraced' or initiate a global blood hunt. Three expenditures (from different sources) add a target to the Red List or issue a doctrinal edict.","ascendant,blood hunt,mechanic,punishment,red list,spent,status"
"Auctoritas Ritae","The High Rituals of the Sabbat. Thirteen rituals (like the Vaulderie, Creation Rites, Monomacy) practiced by the entire sect to ensure loyalty and unity.","auctoritas ritae,lore,religion,ritual,sabbat"
"Autark","A vampire outside the sect system. Johannan Wilder was one before 2011.","autark,independent,term,unaligned"
"Autarkis","A vampire who refuses to join the Camarilla or any other sect, living on the fringes of society. They claim no rights and offer no allegiance.","autarkis,camarilla,hermit,independent,neutral,rogue,status,unaligned"
"Authority (Passive Effect)","Passive Effect: You may award the Fleeting Statuses 'Courageous', 'Defender', 'Honorable', or 'Loyal' without expending the trait. A target can only hold one such awarded status from the same source at a time.","authority,granting status,mechanic,passive,prince,status"
"Authority (Spent Effect)","Spent Effect: You may punish or pardon. Expend to give the Negative Status 'Warned' or 'Forsaken', or to remove them.","authority,forsaken,mechanic,pardon,punishment,spent,status,warned"
"Baali","An infernal bloodline of vampires who worship demons. They are hated and hunted by both Camarilla and Sabbat.","bloodline,demon worshippers,hated,infernalists"
"Background: Generation (Ancilla)","Mechanical background. 2 dots = 10th Gen. 3 dots = 9th Gen. 11-12 Blood Pool. Support for Techniques.","ancilla,background,generation,mechanics,stats"
"Background: Generation (Elder)","Mechanical background. 4 dots = 8th Gen. 5 dots = 7th Gen. 13-15+ Blood Pool. Access to Elder Powers.","background,elder,generation,mechanics,stats"
"Background: Generation (Neonate)","Mechanical background. 1 dot = 11th Gen. Can take flaws to lower to 12th/13th. 10 Blood Pool, 1 Blood/turn. Cheaper XP costs for skills/backgrounds.","background,generation,mechanics,neonate,stats"
"Baelfire","11th Gen Tzimisce of Old Guard. Scientist interested in the boundaries of unlife.","baelfire,sabbat,scientist,tzimisce"
"Baron Schaefer","The Brujah Baron of Mars Hill and a key Anarch figure. She controls the Mars Hill University library, a repository of lore often considered heretical or forbidden by the Camarilla. She remained neutral during the 1991 domain flip and maintains a tense but functional peace with the Tower.","anarch,anarch baron,baron,baron schaefer,brujah,librarian,library,lore keeper,mars hill,neutral party,schaefer"
"Basilica of St. Lawrence","The primary Elysium of Greater Asheville. It features the largest freestanding dome on the East Coast and houses deep catacombs used for secure meetings. The sanctity of this holy ground is fiercely protected by the Keeper and the Sheriff.","basilica,catacombs,church,court,elysium,haven,location,main haven,meeting place,sanctuary,st lawrence"
"Basillia (Justicar)","The Gangrel Justicar appointed/confirmed in 2023 after the clan's return to the Tower.","basillia,gangrel,justicar,leader,npc"
"Beau Brummell","Banu Haqim Elder and Whip. A sophisticated and dangerous Assamite who enforces the internal discipline of his clan. He is a master of the silent knife and the diplomatic word.","assassin,banu haqim whip,beau brummell,diplomat,elder"
"Bele Chere Festival","A massive street festival in Asheville held in August. A backdrop for intense social maneuvering and potential Masquerade breaches due to the crowds.","bele chere,event,festival,setting,summer"
"Biafra","Nosferatu Neonate and Deputy Scourge. A terrifying investigator and enforcer who hunts the unacknowledged and the enemies of the Prince. He uses his skills in obfuscation and combat to patrol the shadows.","biafra,deputy scourge,enforcer,hunter,nosferatu"
"Big Bird","9th Gen Nosferatu Ductus of Hushed Puppies. Monster.","big bird,ductus,nosferatu,sabbat"
"Big Ben (Destroyed)","Elder of unknown clan. Former Seneschal. Bloodhunted by Prince Daveed and destroyed by Elara (Brujah) on July 5th, 2025.","big ben,blood hunt,dead,elara,elder,npc"
"Bill Colson","Ventrue Ancilla and Deputy Scourge. A more formal enforcer of the Prince's will, ensuring that those who violate the hospitality of the domain are removed or punished. He works in tandem with the Sheriff's office.","bill colson,deputy scourge,enforcer,lawman,ventrue"
"Biltmore No-Go Zone","The strict edict that no Kindred may enter the Biltmore Estate. It acts as a memorial to the tyrant Prince Evander and is enforced by a fragile treaty with the Lupines.","ban,biltmore,forbidden,law,lupines,treaty"
"Bishop","A Sabbat leader who advises the Archbishop or oversees a specific aspect of the city (e.g., Bishop of War, Bishop of the Faith). They advise the Archbishop and command respect from local packs.","advisor,bishop,clergy,council,high rank,lieutenant,overseer,sabbat,sabbat leader,title"
"Black Hand","The 'Lost Tribe'. A secret military order within the Sabbat (and beyond) dedicated to the service of the Antediluvians (or Caine, depending on the faction).","assassins,black hand,elite,faction,lore,military,sabbat,sabbat special forces,secret society"
"Black Mountain","Outlying town mentioned as a Sabbat stronghold in 1991 and present day.","black mountain,location,sabbat,territory"
"Black Mountain Neuro-Medical Center","A ominous medical facility and Sabbat stronghold. Tallula was seen visiting here to meet with Sabbat leaders.","black mountain,creepy,hospital,location,sabbat"
"Blood Bond (Vinculum)","A mystical emotional slavery created by drinking the blood of another vampire three times. The thrall becomes obsessively loyal to the regnant. The Sabbat uses a communal version called the Vaulderie to bond packs to each other rather than a master.","blood bond,emotional control,loyalty,regnant,slavery,three drinks,thrall,vinculum"
"Blood Brothers","A Sabbat bloodline created by the Tzimisce to be perfect shock troops. They share a hive mind and health levels within their circle (pack). 'Roach' is a Blood Brother pack.","blood brother,frankenstein,hive mind,roach,sabbat,sabbat weapon,shock troops"
"Blood Doll","A mortal who willingly lets vampires feed on them, often addicted to the sensation of the Kiss (the pleasure of the bite).","addict,blood doll,toy,vessel,willing victim"
"Blood Hunt","The Lextalionis. A decree by the Prince declaring a Kindred unwanted and stripping them of all status and protection. Any Kindred may hunt and slay them.","blood hunt,death sentence,hunt,law of retaliation,lex talionis"
"Blood Leech","A vampire who feeds on other vampires. Dangerous and frowned upon (or illegal).","archetype,cannibal,diablerie,feeding,lifestyle"
"Blood Resonance","The emotional or physical quality of blood (dyscrasia) that provides bonuses to disciplines. e.g., Melancholy blood boosts Obfuscate.","blood,buff,feeding,flavor,mechanics"
"Bloodline: Ananke","A Malkavian bloodline obsessed with fate and trophies. If they cannot take a trophy from a conflict, they cannot regain Willpower.","ananke,bloodline,fate,malkavian,trophy"
"Bloodline: Brahman","A Ravnos bloodline representing the priestly caste. Philosophers and gurus who seek enlightenment. In-clan disciplines: Animalism, Auspex, Chimerstry.","bloodline,brahman,guru,philosopher,ravnos"
"Bloodline: Coyote","Also known as City Gangrel. A bloodline comfortable in urban environments. They possess Celerity and Obfuscate but lack Fortitude.","bloodline,city gangrel,coyote,gangrel,urban"
"Bloodline: Crusaders","A Ventrue bloodline more akin to soldiers than princes. They are excellent trackers and prone to cruelty. Known for sadism.","bloodline,crusader,sadist,soldier,ventrue"
"Bloodline: Ishtarri","A Toreador bloodline from Africa. They are dancers, acrobats, and spies. They suffer a penalty to resisting emotion-controlling powers.","africa,bloodline,dancer,ishtarri,toreador"
"Bloodline: Knights of the Moon","Malkavians who do not manifest Dementation, but instead possess Dominate. Their insanity manifests as cold sociopathy or dark intellectualization.","bloodline,dominate,knights of the moon,malkavian,sociopath"
"Bloodline: Telyav","A Tremere bloodline of Lithuanian warlocks who practice animistic magic. Presumed extinct but hiding among the Sabbat. They possess Presence instead of Dominate.","bloodline,magic,sabbat,telyav,tremere"
"Bloodline: True Brujah (Sages)","A bloodline that claims to be the true heirs of Brujah, reviling the emotional 'rabble'. They practice Temporis (time manipulation) and are emotionally cold.","bloodline,brujah,sages,temporis,true brujah"
"Bloodline: Volgirre","A Toreador bloodline of antitribu who returned to the Camarilla in 2011. Led by Philippe Volgirre. They can learn Vicissitude without a teacher.","antitribu,bloodline,toreador,vicissitude,volgirre"
"Boon","The currency of favors in Kindred society. Categorized as Trivial, Minor, Major, and Life Boons. Debts must be repaid.","boon,currency,debt,economy,favor,obligation,politics,repayment"
"Boons: Life","The ultimate favor. Saving a vampire's unlife. The debtor effectively belongs to the creditor.","boon,favor,life debt,politics"
"Boons: Major","A large favor (e.g., saving a reputation, killing a rival). Shifts the balance of power.","boon,favor,high value,politics"
"Boons: Minor","A significant favor (e.g., use of influence, teaching a discipline). Requires effort to repay.","boon,favor,medium value,politics"
"Boons: Trivial","A small favor (e.g., a ride, an introduction). One-time service.","boon,favor,low value,politics"
"Briar O'Connor","9th Gen Gangrel of Old Guard. Former Kinfolk, protects her sister Nettle (Black Spiral Dancer).","briar,gangrel,kinfolk,sabbat"
"Brood","A group of vampires sired by the same vampire. They are 'siblings' in blood.","brood,camarilla,family,siblings,term"
"Bugs","Nosferatu Ancilla and Master Harpy. The successor to Sister Tiffany, Bugs now controls the flow of status and scandal in Greater Asheville. Their word can make or break a Kindred's reputation in the court.","bugs,gossip monger,master harpy,nosferatu,status judge"
"Cadet","A recruit in training for the Black Hand. They must survive rigorous trials to become a full member.","black hand,cadet,recruit,sabbat,title,trainee"
"Cainite","The preferred term Sabbat vampires use for themselves, emphasizing their descent from Caine and rejection of their human past (unlike 'Kindred').","cainite,identity,proud,sabbat,term,vampire"
"Cainite Heresy","A Gnostic belief from the Dark Ages claiming vampires were angels sent by God to rule over mortals. It infiltrated the Church before being crushed by the Inquisition.","church,dark ages,heresy,history,lore,religion"
"Caitiff","The Clanless. Vampires who do not share the specific traits or social acceptance of a parent clan. They are often treated as second-class citizens or mistakes. They can learn any discipline but lack the social support structure of a clan.","bastard,caitiff,camarilla,clanless,no lineage,no status,outcast,outcasts,pariah,pariahs,scum,status"
"Cardinal","A high-ranking Sabbat leader who oversees a vast geographic region (e.g., the East Coast). They coordinate war efforts, sieges, and the movements of Archbishops. They hold a seat on the Consistory.","cardinal,general,lore,overseer,regional leader,sabbat,sabbat general,supreme commander,title"
"Carthage","The ancient city of the Brujah, where vampires lived openly with mortals. It was destroyed by the Ventrue and Roman armies, who salted the earth to bind the infernalists believed to hide there.","brujah,carthage,history,lore,rome,ventrue,war"
"Cassandra Grey","Malkavian Ancilla and Primogen. She is a seer and investigator, deeply involved in unraveling the mysteries of the Sabbat's movements and the internal threats to the domain. She recently sought tutelage in Necromancy.","cassandra,investigator,malkavian primogen,mystic,seer"
"Cast and Crew of Mallori Mayhem","A media-savvy Sabbat pack led by the chaotic Malkavian antitribu Mallori Mayhem. They utilize social media and flash-mob tactics to disrupt the Masquerade and terrorize the Kine. They view the Gehenna War as a form of performance art and are based out of the digital shadows.","chaos,mallori,mallori mayhem,media,media manipulators,pack,sabbat,sabbat pack"
"Celerity Round","Additional rounds in a combat turn that occur after the Everyman Round. Only characters with the Celerity discipline may act during these rounds.","celerity,combat,mechanics,speed,turn"
"Chancelor","A title sometimes used for the Keeper of records or a high-ranking advisor who manages the city's mortal influence and bureaucracy.","advisor,bureaucrat,camarilla,chancellor,clerk,title"
"Changeling","A fae soul reborn in a human body. They are creatures of dreams and glamour. Kindred find them confusing and their blood (fae blood) has hallucinogenic properties.","changeling,dreamer,fae,fairy,glamour,hallucinogen"
"Chicken Alley","A local Asheville landmark mentioned as existing in the darker Greater Asheville setting, implying the inclusion of local urban legends in the game's atmosphere.","asheville,chicken alley,flavor,legend,location"
"Childe","The progeny of a vampire. Until released, they are the responsibility of their sire.","camarilla,childe,offspring,student,title"
"Chorazin","The accursed city of the Baali. Believed to be where the infernalist clan retreats to worship their dark masters and await Gehenna.","baali,chorazin,city,history,infernal,lore"
"Chronicle Theme: Isolation","A central theme of the chronicle, reflecting the geography of the mountains and the political isolation of a Camarilla domain surrounded by Sabbat and Anarch territories.","geography,isolation,meta,mood,theme"
"Chronicle Theme: Religious Trauma","A specific theme explored in the game due to the setting's Sabbat history, acknowledging that much of the Sabbat's iconography and control mechanisms are twisted from Catholic trappings.","atmosphere,meta,religion,sabbat,theme,trauma"
"Clan Banu Haqim (Assamite)","The Clan of the Hunt. Judges, warriors, and viziers from the Middle East who recently joined the Camarilla. They utilize Quietus (silence/poison), Celerity, and Obfuscate. Their curse involves a darkening of the skin with age or a hunger for vampire blood (depending on caste).","assamites,blood addiction,celerity,clan of the hunt,judges,obfuscate,quietus"
"Clan Brujah","The Clan of the Learned (Rabble). Once philosopher-kings, now rebels and punks. They are prone to frenzy and value freedom and change. Their powers are Celerity, Potence, and Presence. They suffer from a short temper, increasing the difficulty to resist frenzy.","brujah,celerity,clan of the learned,potence,presence,rebels,short temper"
"Clan Gangrel","The Clan of the Beast. They are closer to their feral nature than any other clan, often living in the wild. Their powers are Animalism, Fortitude, and Protean (shapeshifting). When they frenzy, they gain temporary animal features. They are the outriders and scouts of the Camarilla.","animal features,animalism,clan of the beast,fortitude,gangrel,outlanders,protean"
"Clan Lasombra","The Clan of Night (Magisters). Formerly leaders of the Sabbat, many have defected to the Camarilla. They are social Darwinists who value strength and excellence. Their signature power is Obtenebration (control of shadows), along with Dominate and Potence. They cast no reflection in mirrors.","clan of night,dominate,magisters,no reflection,obtenebration,potence,shadows"
"Clan Malkavian","The Clan of the Moon. Cursed with insanity, they see truths others miss. They are oracles and madmen. Their powers include Auspex, Obfuscate, and Dementation (spreading madness). Every Malkavian suffers from at least one permanent, incurable mental derangement.","auspex,clan of the moon,dementation,insanity,lunatics,obfuscate,seers"
"Clan Nosferatu","The Clan of the Hidden. Twisted by the curse of Caine into hideous monsters, they hide in the sewers and shadows. They are the spymasters of the Kindred. Their powers are Animalism, Obfuscate (invisibility), and Potence (super strength). Their flaw is their horrific appearance, which breaches the Masquerade instantly.","animalism,clan of the hidden,horrific appearance,obfuscate,potence,sewer rats,spies"
"Clan Toreador","The Clan of the Rose. They are artists, critics, and hedonists who value beauty and passion above all. Their powers are Auspex (heightened senses), Celerity (supernatural speed), and Presence (attraction/fear). They are often distracted by beauty, freezing in awe of artistic perfection.","artists,auspex,celerity,clan of the rose,entrancement,hedonists,presence"
"Clan Tremere","The Clan of Warlocks. Former mages who stole immortality through blood sorcery. They are a pyramid scheme of occult power. Their unique discipline is Thaumaturgy (Blood Sorcery), alongside Auspex and Dominate. They are bound by a rigid hierarchy and often distrusted by other clans.","auspex,blood sorcerers,clan of warlocks,dominate,pyramid,thaumaturgy"
"Clan Ventrue","The Clan of Kings. They value hierarchy, lineage, and the power to command. Their signature powers are Dominate (mental control), Fortitude (supernatural resilience), and Presence (emotional manipulation). They suffer from a rarefied palate, able to feed only from a specific type of vessel.","blue bloods,clan of kings,dominate,fortitude,leaders,presence,rarefied palate"
"Clarence Henco","A Tremere wraith haunting the lost Chantry. Died protecting it in 1914.","chantry,ghost,npc,tremere,wraith"
"Cleaner","A Sabbat vampire responsible for cleaning up the Masquerade breaches (or 'Silence of the Blood' breaches) left after a raid.","cleaner,cleanup,fixer,sabbat,support,title"
"Cleaver","A vampire who tries to live a normal family life with mortals. Extremely risky.","archetype,cleaver,family,lifestyle,risk"
"Cleo","9th Gen Setite Pack Priest of Cast and Crew. Enigma.","cleo,priest,sabbat,setite"
"Cobbler","A Sabbat vampire (often Nosferatu) who creates fake identities and papers for the pack to move through mortal society.","cobbler,forger,sabbat,spy,support,title"
"Cock Robin (Justicar)","The Nosferatu Justicar. Confirmed in the 2023 post-Conclave shuffle.","cock robin,justicar,leader,nosferatu,npc"
"Code of Milan","The governing document of the Sabbat, emphasizing the duality of freedom and loyalty. It was adopted to stabilize the sect during civil wars in the New World.","code of milan,freedom,history,law,lore,sabbat"
"Commander (Passive Effect)","Passive Effect: You may issue orders to any sect member without Authority, and expect obedience. Disobedience strips the target of all Fleeting Status temporarily. You may also deputize up to 3 individuals with 'Enforcer' for a night.","commander,deputize,enforcer,mechanic,orders,passive,status"
"Commander (Spent Effect)","Spent Effect: You may award up to three characters either the Fleeting Status 'Courageous' or 'Loyal'.","buff,commander,granting status,mechanic,spent,status"
"Condition: Bound","Being blood bound to another. The character must defer to the regnant.","blood bond,condition,mechanics,slavery"
"Condition: Frenzying","Under the control of the Beast. Attack or flee (Rötschreck).","condition,frenzy,loss of control,mechanics"
"Condition: Impaired","Suffering from wound penalties. Dice pools are reduced.","condition,damage,impaired,mechanics,penalty"
"Condition: Staked","Paralyzed by a wooden stake through the heart. Conscious but unable to move.","condition,mechanics,paralyzed,staked"
"Condition: Torpid","Being in Torpor. The character is unconscious and vulnerable.","coma,condition,mechanics,torpid,vulnerable"
"Confirmed (Passive Effect)","Passive Effect: You may approach any officer of the sect without a formal introduction, avoiding social penalties.","access,confirmed,mechanic,passive,social,status"
"Confirmed (Spent Effect)","Spent Effect: You may order a non-supernatural mortal (ghoul, revenant) beholden to the sect to obey you (unless contradicting their master). You have the authority to kill such a mortal if they refuse. Cannot be used in combat.","command,confirmed,ghouls,mechanic,mortals,spent,status"
"Consensualist","A vampire who only feeds from willing victims (without coercion/discipline). rare and difficult.","archetype,consensualist,feeding,lifestyle,moral"
"Consistory","The council of Cardinals and Prisci that advises the Regent of the Sabbat.","consistory,council,lore,sabbat,structure"
"Consul","A representative of the Camarilla sent to a non-Camarilla city (like an Anarch Free State) to act as a liaison and observer.","camarilla,consul,diplomat,observer,spy,title"
"Convention of Thorns (1493)","The treaty signed at the Abbey of the Sacred Crown that ended the first Anarch Revolt. It officially formed the Camarilla and forced the Anarchs to join or flee (becoming the Sabbat).","1493,anarch,camarilla,history,lore,treaty"
"Coterie","A small group of vampires who band together for mutual protection and political gain. The basic social unit of the Camarilla.","allies,coterie,gang,group,party,social unit"
"Courageous (Passive Effect)","Passive Effect: You can use a combat maneuver once per game without spending Willpower. Only usable when following the directives of someone with Authority or Commander status.","combat,courageous,mechanic,passive,status,willpower"
"Courageous (Spent Effect)","Spent Effect: If not violating sect laws, expend to allow one character (self or other) to use a combat maneuver without spending Willpower.","buff,combat,courageous,mechanic,spent,status"
"Courteous (Passive Effect)","Passive Effect: You cannot be targeted by the Subterfuge skill to redirect blame for the use of a supernatural power.","courteous,defense,mechanic,passive,status,subterfuge"
"Courteous (Spent Effect)","Spent Effect: Overcome any political gaffe or etiquette error made in the last five minutes. The error is acknowledged but must be forgiven/ignored by those present.","courteous,defense,forgiveness,mechanic,social,spent,status"
"Courtesies of Spirituality","Rules regarding faith and art. Prohibits the Vaulderie. Art competitions held quarterly.","art,courtesies,rules,spirituality"
"Courtesies of War","Rules regarding combat and boundaries. Biltmore is off-limits. Scourge handles poachers.","courtesies,law,rules,war"
"Creation Rites","The Sabbat method of Embrace. Often involves 'shovelheading'—draining a victim, bashing them with a shovel, and burying them to claw their way out.","creation rites,embrace,lore,ritual,sabbat,shovelhead,shovelheading,survival of fittest"
"Cross-Appalachian Travel","The strategic goal of the Sabbat in 1910—to control the mountain passes for movement.","geography,history,sabbat,strategy,travel"
"Crossroads Music Studio","A recording studio in Arden destroyed by fire in March 2025. Site of the Masquerade breach by Zephyr.","arden,breach,crossroads,fire,location,masquerade violation,ruins,site,zephyr"
"Daggerface","Abbot of Murder Piñata. An 11th Gen Gangrel fanatic who uses Vicissitude to enhance his combat prowess.","abbot,daggerface,fanatic,gangrel,sabbat"
"Dahlonega Mint","The historical mint in Georgia seized by Confederates. Source of the 'bbat coins. The gold extracted has a psychic signature of murder.","gold,history,location,lore,mint"
"Daire Manning","Banu Haqim Sorcerer Abbot of 150 Guns.","abbot,banu haqim,daire,sabbat"
"Damien Natosa's Fashion Symbel","A contest held by the Elder Tzimisce/Ventrue Damien Natosa to update his wardrobe after waking from torpor.","damien natosa,fashion,history,social,symbel"
"Dan Drifter","Deceased Gangrel of Maximum Fatality. Diablerized by Anne-Marie Honey.","dan drifter,dead,gangrel,sabbat"
"Dark Selina","A rare vinyl record by The Hex. Contains subliminal messaging or mystical properties. Highly sought after.","hex,item,music,occult,record"
"Daughters of Cacophony","A bloodline of singers whose voices can shatter minds or objects. They are a split from the Toreador or Malkavians.","bloodline,daughters of cacophony,music,sirens,sonic powers"
"Daveed Fourié","Banu Haqim Ancilla and the current Prince of Greater Asheville (following Tallula's disappearance). He faces the monumental task of holding the domain together against Sabbat incursions, Anarch unrest, and the scrutiny of the Justicariate.","ancilla,banu haqim,new ruler,political pressure,prince daveed"
"David (Ductus)","9th Gen Brujah Ductus of The Satyr Boys. Loyalist.","brujah,david,ductus,sabbat"
"Defender (Passive Effect)","Passive Effect: You may carry weapons to any gathering, including restricted ones. Authorities must allow you to go armed.","access,defender,mechanic,passive,status,weapons"
"Defender (Spent Effect)","Spent Effect: Reduce the number of Beast traits gained by one (1) when performing an action that triggers a sin. Limit one per sin.","beast traits,defender,mechanic,morality,spent,status"
"Denice Lane","10th Gen Brujah of Cast and Crew. Fighter.","brujah,denice,sabbat"
"Deputy","An assistant to an official (Sheriff, Scourge, Keeper). They derive their authority from their superior and serve at their pleasure.","assistant,camarilla,deputy,enforcer,minion,title"
"Derangement: Compulsion","A specific derangement mechanics for Ravnos. They are compelled to indulge in a specific vice (lying, theft) when the opportunity arises.","compulsion,derangement,flaw,mechanics,ravnos"
"Diablerie (The Amaranth)","The act of draining a vampire to the point of final death and consuming their soul. It allows the diablerist to lower their generation and gain power, but stains their aura with black veins. It is the ultimate crime in the Camarilla.","amaranth,aura stain,cannibalism,crime,diablerie,generation drop,soul eating,ultimate crime"
"Diocese of WNC","The organizational term for the Sabbat presence in Western North Carolina, consisting of various packs like 'Yule Tied' and 'Mallori Mayhem'.","diocese,enemy,organization,sabbat,territory,wnc"
"Dire (Bishop)","Gargoyle. The Sabbat Bishop of War. A terrifying combatant for the new Archdiocese.","bishop,dire,gargoyle,npc,sabbat,war"
"Discipline: Animalism","The power to communicate with and command the beast within animals and Kindred. Used by Gangrel and Nosferatu to summon swarms, ride the minds of beasts, and quell the frenzy of other vampires.","animal control,animalism,beast mastery,familiars,feral whispers,quell the beast"
"Discipline: Auspex","The power of heightened senses and extrasensory perception. Used by Toreador, Malkavians, and Tremere to see invisible things, read auras, and project their consciousness astrally.","astral projection,aura reading,auspex,heightened senses,psychometry,telepathy"
"Discipline: Celerity","The power of supernatural speed. Used by Brujah, Toreador, and Banu Haqim to move faster than the eye can follow, gaining extra actions in combat and dodging attacks with ease.","alacrity,celerity,extra actions,rapidity,reflexes,super speed"
"Discipline: Dementation","The power to externalize madness. Originally unique to the Malkavians, it allows the user to inflict hysteria, hallucinations, and confusion upon victims, sharing the clan's curse with the world.","dementation,hallucinations,hysteria,insanity,madness,mind breaking"
"Discipline: Dominate","The power of mental compulsion and command. Used primarily by Ventrue, Tremere, and Lasombra to force obedience, erase memories, or rewrite personalities. It requires eye contact and a shared language.","command,conditioning,dominate,forgetful mind,mental control,mesmerize,possession"
"Discipline: Fortitude","The power of supernatural resilience. Used by Ventrue, Gangrel, and Ravnos to soak damage that would pulverize a mortal, including fire and sunlight (to a degree). It is the shield of the immortal.","endurance,fortitude,invulnerability,resilience,soak,toughness"
"Discipline: Necromancy","The magic of death and souls, practiced by the Giovanni and some other bloodlines. It allows communication with wraiths, raising zombies, and manipulating the entropy of life.","death magic,ghosts,giovanni,necromancy,soul manipulation,wraiths,zombies"
"Discipline: Obfuscate","The power of supernatural concealment. Used by Nosferatu, Malkavians, and Banu Haqim to cloud the minds of observers, becoming effectively invisible. It can also be used to disguise one's appearance.","concealment,hiding,invisibility,mask of a thousand faces,obfuscate,stealth"
"Discipline: Obtenebration","The power to manipulate darkness and shadows, tapping into the Abyss. The signature power of the Lasombra. Users can create tentacles of shadow, shroud areas in pitch blackness, or become a shadow themselves.","abyss,arms of the abyss,darkness,obtenebration,shadow form,shadow manipulation"
"Discipline: Potence","The power of supernatural strength. Used by Brujah, Nosferatu, and Lasombra to crush stone, lift cars, and deal devastating damage in melee combat. It is the raw physical might of the Blood.","crushing blow,destruction,might,potence,super strength,vigor"
"Discipline: Presence","The power of emotional manipulation. Used by Toreador, Ventrue, and Brujah to attract, terrify, or command the attention of others without direct mind control. It works on crowds and sways emotions.","awe,charisma,dread gaze,entrancement,fear,majesty,presence"
"Discipline: Protean","The power of shapeshifting. The signature discipline of the Gangrel, allowing them to grow claws, see in the dark, turn into a mist, or transform into a wolf or bat.","claws,earth meld,mist form,protean,shapeshifting,transformation"
"Discipline: Quietus","The silent art of death practiced by the Banu Haqim. It involves silencing sounds, creating virulent blood poisons, and eroding the stamina of victims. It is the tool of the assassin.","assassination,blood sweat,death arts,poison,quietus,silence"
"Discipline: Thaumaturgy (Blood Sorcery)","The jealously guarded magic of Clan Tremere. It is versatile and dangerous, capable of boiling blood, moving objects with the mind, or summoning fire. It is divided into Paths (like Path of Blood) and Rituals.","blood magic,blood sorcery,path of blood,rituals,sorcery,thaumaturgy,tremere secret"
"Discipline: Vicissitude","The alien power of flesh and bone crafting, practiced by the Tzimisce. It allows the user to mold living tissue like clay, creating beautiful or horrific alterations to themselves and others.","body horror,bonecrafting,fleshcrafting,transformation,tzimisce,vicissitude"
"Disgraced (Censure)","Censure: Prohibited from carrying weapons or using powers near officers without permission. Cannot feed in sect territory (scraps only). Cannot spend or gain status. Boons owed to you need not be repaid.","censure,disgraced,feeding,mechanic,restriction,status"
"Disgraced (Removal)","Removal: Lasts as long as you hold 'Warned'. If acquired without 'Warned', lasts for two games or one month (whichever is longer). Can be removed by apologizing and paying a Major Boon to the officer if caught violating.","disgraced,duration,mechanic,redemption,removal,status"
"Domain","The physical territory claimed by a Prince or granted to a vassal. The holder of a domain has the right to feed within it and restrict access to others.","camarilla,domain,feeding,land,term,territory"
"Domain of Charlotte","'The Golden Tower'. A neighboring Camarilla domain.","camarilla,charlotte,domain,location"
"Domain of Johnson City","Anarch domain ruled by Baron Santos. Ally of Schaefer.","anarch,domain,johnson city,location,santos"
"Domain of Knoxville","'The Marble Tyrant'. A neighboring domain ruled by Prince Iago.","domain,knoxville,location,prince iago"
"Dominion","A mid-level commander in the Black Hand, leading a 'Kamut' (a pack of Black Hand operatives).","black hand,captain,dominion,officer,sabbat,title"
"Dr. Lenore Scott","The Seneschal of the Triangle. A Ventrue scholar who handles the day-to-day logistics of Malphas's domain. She is known for her medical background and detailed correspondence.","doctor,lenore scott,seneschal,triangle,ventrue"
"Ductus","The tactical leader of a Sabbat pack. Chosen by the pack (not appointed from above), they make the combat decisions and decide the pack's immediate goals.","captain,ductus,officer,pack leader,sabbat,sabbat rank,tactician,title"
"Ductus Dire","Leader of Witch Hunt. 7th Gen Gargoyle. Fanatic loyalist to the Sabbat cause.","dire,ductus,gargoyle,sabbat"
"Dwayne","9th Gen Gangrel of The Satyr Boys.","dwayne,gangrel,sabbat"
"E.W. Grove (Keeper Emeritus)","Ventrue Ancilla and owner of the Grove Park Inn. Granted his wish to make the Inn an Elysium in June 2025 by Prince Daveed, shortly before being replaced as Keeper by Michael Valentine.","builder,elysium,grove,keeper,npc,ventrue"
"Ed (Redcap)","A Redcap and 'Vizier' to King Leopold. Terrifying enforcer who is rumored to be Leopold's lover. Originally from Baton Rouge.","changeling,ed,enforcer,redcap,unseelie"
"Elara","Brujah Neonate. Carries a 'Jar of teeth from Big Ben's haven' and a copy of his journal. Has a weird voice in her head that might be Big Ben.","brujah,elara,haunted,mystery,pc"
"Elder","A vampire of significant age (usually 300+ years) and generation. They hold the true power in the Camarilla and are masters of the Jyhad.","300+ years,ancient,camarilla,elder,leader,master,powerful,rank,ruler,status"
"Elysium","Designated safe havens within the city where violence is prohibited and the arts are celebrated. Often located in high-end venues like the Art Gallery or historical sites.","art,basilica,camarilla,elysium,gallery,haven,location,meeting place,neutral,peace,politics,safe zone,safety,sanctuary,social ground,term"
"Elysium: The Basilica","The Basilica of St. Lawrence in Asheville. The primary seat of courtly interaction.","basilica,church,court,elysium,haven,location"
"Elysium: The Grove","A localized term for the Grove Park Inn Elysium under Keeper E.W. Grove.","elysium,haven,location,meeting place"
"Emerald Beauregard","Banu Haqim Neonate. Goes by 'Basil'. Investigated the Banu Haqim feeding territory and had a derangement break at a Gather.","banu haqim,basil,emerald,investigator,pc"
"Enforcer (Pack)","A pack role for the strongest combatant, responsible for physical threats to the pack.","enforcer,fighter,muscle,pack,sabbat,title"
"Enforcer (Passive Effect)","Passive Effect: You may carry weapons to any gathering. You may deputize up to two others with 'Defender' for a single night.","deputize,enforcer,mechanic,passive,status,weapons"
"Enforcer (Spent Effect)","Spent Effect: Give the Negative Status 'Warned' to an individual you legitimately believe has broken sect or domain law.","enforcer,mechanic,punishment,spent,status,warned"
"Enebishin","Gangrel Neonate. An archer who uses a bow with Silver and Incendiary arrows. Drives a Superior Motorcycle.","archer,enebishin,gangrel,hunter,pc"
"Erin Yesse","Brujah Neonate and Enforcer. A street-level fighter and protector of the domain. Erin is often on the front lines against Sabbat incursions and breaches of the peace.","brujah enforcer,erin yesse,fighter,neonate,protector"
"Esmerelda Camazot Yuritzi","Gangrel Elder and Whip. An ancient and primal force within the clan. She guides the Gangrel in their connection to the Beast and the land, ensuring they remain useful guardians of the domain.","elder,esmerelda,gangrel whip,guide,primitive"
"Established (Passive Effect)","Passive Effect: Anyone who openly insults, threatens, or attacks you automatically receives the Negative Status 'Warned'. (Authority/Commander/Triumphant are immune).","defense,established,insult,mechanic,passive,status,warned"
"Established (Spent Effect)","Spent Effect: You may give the Fleeting Status 'Favored'.","established,favored,granting status,mechanic,spent,status"
"Euagetaematikon","The 'Book of Blood'. The sacred text of the Cainite Heresy.","book,heresy,item,lore,religion"
"Evander","Former Ventrue Prince of Asheville. Betrayed by E.W. Grove and destroyed by Tallula in 1914.","dead,evander,history,prince,ventrue"
"Everyman Round","The first round of a combat turn where every participant acts. Followed by Celerity rounds where only those with Celerity act.","combat,everyman,initiative,mechanics,turn"
"FBI Incursion (Sept 2025)","The arrival of federal agents in Asheville, prompting Prince Daveed to order Erecura to alter her appearance to avoid the Second Inquisition.","2025,erecura,fbi,history,hunters,si"
"Face (Pack)","A pack role for the vampire who handles social interactions with outsiders or other packs.","diplomat,face,pack,sabbat,social,title"
"Faith Blake","9th Gen Lasombra Abbot of Cast and Crew. Free Spirit.","abbot,faith,lasombra,sabbat"
"False Sabbat","A vampire who claims membership but has not yet proven themselves (or is suspected of treason). They have no rights and are often used as cannon fodder.","false sabbat,fodder,status,suspect,unproven"
"Favored (Passive Effect)","Passive Effect: Anyone who openly attacks you automatically receives 'Warned' (unless immune). Shows you have a patron.","defense,favored,mechanic,passive,status,warned"
"Favored (Spent Effect)","Spent Effect: Negate a negative status before it is applied. The attacker cannot attempt to apply negative status to you again for the night.","defense,favored,immunity,mechanic,spent,status"
"Feeding Grid","The abstract system used by the Primogen Council to allocate hunting grounds. The city is split into a numbered grid rather than complex street borders to streamline political distribution of territory.","feeding,grid,mechanics,primogen,rules,territory"
"Feeding Territories","Grid-based system for hunting. Clans must patrol their assigned blocks. All blocks provide equal sustenance.","feeding,rules,system,territory"
"Feeding Territory: The Rack","Two specific blocks in downtown Asheville reserved for visiting Kindred and those without their own domain. It is a high-traffic nightlife area. Resident Kindred with assigned territories are forbidden from hunting here to ensure hospitality for guests.","downtown,feeding,hunting ground,location,nightlife,open territory,rack,the rack,visitor feeding"
"Feodor Ilyasov","Ventrue Elder. Uses the name 'Theodor'. Possesses 'Social Nobility' and a 'Prestigious Sire' (Anya Doyamin). Wears a flashy artisan necklace.","elder,feodor,ilyasov,noble,pc,ventrue"
"Fetter","An object or person that ties a wraith to the living world. Helen's fetter is her sister (or the bridge itself, effectively).","anchor,ghost,lore,magic,wraith"
"Fire Dance","A Sabbat rite where vampires prove their bravery by jumping through fire. Builds courage against Rötschreck.","bravery,fire dance,lore,ritual,sabbat"
"Firestorm Cafe","A neutral ground or popular meeting spot within the city, often frequented by Kindred of various standings.","cafe,informal elysium,location,meeting,neutral,social hub"
"Firewalker","A vampire who has passed the Fire Dance ritual and is respected for their bravery.","brave,firewalker,ritual,sabbat,status,veteran"
"Fledgling","A brand new vampire still under the protection and accounting of their sire. They are not yet full members of Camarilla society and have no rights of their own.","apprentice,camarilla,child,dependent,fledgling,no status,protected,status,unreleased"
"Forsaken (Censure)","Censure: You are no longer Accepted. You hold no status. You may be destroyed without repercussion. Society's laws do not protect you.","blood hunt,censure,forsaken,lextalionis,mechanic,status"
"Forsaken (Removal)","Removal: Can only be removed by an expenditure of Authority status (pardon). Usually permanent until death.","forsaken,mechanic,pardon,removal,status"
"Founded Pack","A Sabbat pack that settles permanently in a city, establishing a communal haven and taking territory.","founded pack,resident,sabbat,settler,term,territory"
"Gallant (Passive Effect)","Passive Effect: None.","gallant,mechanic,none,passive,status"
"Gallant (Spent Effect)","Spent Effect: Overcome any political/etiquette error made in the last 5 minutes. The error is acknowledged but must be forgiven.","defense,forgiveness,gallant,mechanic,social,spent,status"
"Games of Instinct","Sabbat 'sports' used to hone predatory skills. Examples include 'Cowboys and Indians' (hunting mortals) or 'Demolition Derby'.","games,lore,ritual,sabbat,sport"
"Gargoyles","A slave race created by the Tremere from the body parts of Gangrel, Nosferatu, and Tzimisce to fight in the Gargoyle Revolt. Now a free bloodline.","bloodline,construct,gargoyle,gargoyles,lore,slave,stone skin,tremere,tremere creation"
"Gehenna","The prophesied end times when the Antediluvians will rise from torpor to devour their children. The Sabbat fights a war to prevent this, while the Camarilla traditionally denied its existence (until recently).","antediluvians rising,apocalypse,end times,gehenna,judgment day,vampire armageddon"
"Gehenna Cults","Cults predicting the end of the world, cracked down upon by Tallula in 1999.","cult,gehenna,history,lore,religion"
"George Vanderbilt","Mortal tycoon whose estate purchase in 1888 catalyzed the Kindred population of Asheville.","biltmore,history,mortal,npc,vanderbilt"
"Ghoul","A mortal servant fed vampire blood. They serve as daylight agents, bodyguards, and retainers. They are considered property of their domitor.","blood addict,camarilla,domitor,ghoul,human servant,mortal,property,retainer,servant,term"
"Ghoul Family: Bratovich","A Revenant family serving the Tzimisce. Kennemasters and monsters. Known for violence and lack of hygiene.","bratovich,family,ghoul,lore,revenant,tzimisce"
"Ghoul Family: Grimaldi","A Revenant family serving the Sabbat (and sometimes Camarilla). Socialites and politicians.","family,ghoul,grimaldi,lore,revenant,social"
"Ghoul Family: Obertus","A Revenant family serving the Tzimisce. Scholars and occultists.","family,ghoul,lore,obertus,revenant,scholar"
"Ghoul Family: Zantosa","A Revenant family serving the Tzimisce/Toreador. Hedonists and drug dealers.","family,ghoul,lore,party,revenant,zantosa"
"Ghouling","The act of feeding vitae to a mortal to create a Ghoul servant.","bonding,empowerment,servant creation"
"Gideon's Chosen Few","A sophisticated and well-funded hunter network operating a compound near Swannanoa. They view themselves as holy knights on a crusade. Unlike the ACM, they possess advanced technology and tactical training, making them a severe threat to the Masquerade.","antagonist,chosen few,gideon,high-tech threat,holy warriors,hunters,sophisticated,swannanoa"
"Giovanni","A clan of necromancers and incestuous families. They are an independent clan (until recently) focused on wealth and family. They diablerized their founder Cappadocius.","family,giovanni,incest,independent,mafia,necromancers"
"Golconda","A mythical state of enlightenment and balance between the Man and the Beast. Kindred who achieve it are said to master their hunger and frenzy, finding peace in their damnation. It is the ultimate spiritual goal for many, though few attain it.","enlightenment,golconda,mastery of beast,myth,peace,salvation"
"Grand Conclave","The highest gathering of the Camarilla, occurring rarely (last in 2023), where Justicars are chosen.","conclave,event,gathering,politics,supreme"
"Grand Inquisitor","The head of the Sabbat Inquisition. A terrifying figure who directs the hunt for infernalists and heretics across the entire sect.","feared,grand inquisitor,judge,leader,sabbat,title"
"Grant Smalls","Tremere Neonate Steward. Possesses specific occult books like 'Libations of the Vampire' and 'Vitae and Voles'. Has a tattoo of a pentagram over his heart.","grant smalls,pc,scholar,steward,tremere"
"Grant Smalls (Steward)","Tremere Neonate appointed as the first Steward of Elysium by Michael Valentine.","elysium,grant smalls,npc,steward,tremere"
"Graverobber","A vampire who feeds from corpses (Nagaraja/Samedi) or chills in cemeteries.","archetype,creepy,feeding,lifestyle"
"Greater Asheville","The fictional setting of the chronicle, encompassing Asheville, NC, and surrounding areas like Black Mountain. Formerly a Sabbat stronghold, it 'flipped' to the Camarilla in the early 90s.","asheville,city,location,setting"
"Grove Arcade","A massive skyscraper in the World of Darkness version of Asheville, completed by E.W. Grove in 1929. A common meeting place.","grove,grove arcade,location,skyscraper"
"Grove Arcade (Skyscraper)","In the Greater Asheville setting, E.W. Grove's masterpiece was completed in 1929 (unlike the real world), standing as a massive 14-story skyscraper. It is the tallest building in the city and a monolith of Kindred influence.","architecture,divergence,grove arcade,history,location,skyscraper"
"Grove House (Nightlife)","A location originally a YWCA, now a hub for Kindred nightlife. Despite the name, it is not owned by E.W. Grove, but was controlled by Prince Tallula Donegan as a public meeting space.","gathering,grove house,location,nightlife,social,tallula"
"Grove Park Inn","The personal domain of Keeper E.W. Grove. A sprawling, ornate hotel.","elysium,grove,grove park inn,haven,historic site,hotel,location,luxury,meeting ground"
"Guardian (Passive Effect)","Passive Effect: Award 'Warned' to anyone behaving inappropriately in your jurisdiction or disrespecting your proclamations.","guardian,mechanic,passive,punishment,status,warned"
"Guardian (Spent Effect)","Spent Effect: Give the Negative Status 'Disgraced'. Keepers declare 'Profane', Harpies declare 'Boonbreaker'.","disgraced,guardian,mechanic,punishment,spent,status"
"Guruhi","A Laibon lineage of kings and land-rulers in Africa. They blend ancient tradition with modern corporate engineering.","africa,bloodline,guruhi,kings,laibon,lore"
"Hailey Coleman","Tremere Neonate. Spent time being exasperated at her clanmates. Owns a Ouija Board customized for seances.","hailey,occult,pc,seance,tremere"
"Harbinger","A messenger sent ahead of a nomadic pack or war party to announce their arrival (or issue threats).","harbinger,herald,messenger,sabbat,threat,title"
"Harbingers of Skulls","The remnants of the Cappadocian clan who returned from the Shadowlands (or Kaymakli) to join the Sabbat. They wear masks to hide their skull-like faces.","bloodline,cappadocian,lore,necromancer,revenant,sabbat,skeletons"
"Harold Harkness","Malkavian Neonate. Grows 'Magic Mushrooms' (Hallucinogens). Wears a 'Neurological Specialist's Outfit'. Investigated Mallori Mayhem's research.","drugs,harold,malkavian,pc,scientist"
"Harpy","The arbiter of social status and scandal. They maintain the ledger of boons, announce who is 'in' or 'out' of favor, and punish social faux pas with status bans like 'Vulgar' or 'Disgraced'.","boon recorder,camarilla,gossip,harpy,judge,social,socialite,status,status keeper,title"
"Harpy Sister Tiffany","Malkavian Ancilla and Harpy. A former nun and civil rights organizer who came to Asheville in 1992 to help Kindred adapt to the Camarilla.","gossip,harpy,malkavian,nun,social arbiter,status,status manager,tiffany"
"Hattie McCloud (Deceased)","Malkavian Ancilla and former Primogen. Ashes recovered Dec 7, 2024. Owner of the Rabbit Motel. Known for 'special vintages' of blood.","dead,hattie,malkavian,npc,primogen,rabbit motel"
"Helen Wheels","Gangrel Neonate. Drives a car customized for street racing. Has extensive lab equipment.","gangrel,helen wheels,pc,racer,scientist"
"Helen's Bridge","A haunted bridge at Zealandia. The site where the witch Helen committed suicide to trap the Methuselah Judeculla. It is a synched leyline and a gathering place for ghosts.","bridge,ghosts,haunted,healed,judeculla,location"
"Herald","A messenger of the Prince. They deliver proclamations, summons, and warnings to the Kindred of the city. In some courts, this role is merged with the Harpy or Seneschal.","camarilla,herald,messenger,official,title,voice"
"Highland Hospital","The site of the 1948 fire used to cover up Zelda Fitzgerald's embrace. A location of historical trauma.","fire,history,hospital,location,zelda"
"Honorable (Passive Effect)","Passive Effect: Individuals must expend a positive status to openly accuse you of lying. Only one spend required to bypass this, even if you have multiple Honorable traits.","defense,honorable,lying,mechanic,passive,status,truth"
"Honorable (Spent Effect)","Spent Effect: Remain in a scene you would otherwise be politically forced to leave. Immune to the spend bonus of Abiding Status in that instance.","defense,honorable,mechanic,social,spent,status,stay"
"Hound","A slang term or official title for a Deputy Sheriff. They assist the Sheriff in patrolling the domain and subduing criminals.","camarilla,deputy,enforcer,hound,sheriff,title"
"Howitzer Prime","8th Gen Tzimisce of Murder Piñata. A monster who turned their body into a weapon.","howitzer,monster,sabbat,tzimisce,weapon"
"Humanity","The moral code that keeps the Beast at bay. Vampires must maintain their connection to their human nature or risk falling to the Beast and becoming a mindless monster (Wight).","beast control,conscience,humanity,morality,sanity,soul"
"Hunter","Mortals who have discovered the existence of monsters and sworn to destroy them. The Second Inquisition is a global network of hunters using government intelligence and black ops.","inquisition,mortal enemy,slayer,threat"
"Ignoblis Ritae","The Low Rituals of the Sabbat. Custom rituals created by individual packs to bond them together. Unique to each pack.","ignoblis ritae,lore,pack,ritual,sabbat"
"Imperator","A rare military title for the supreme commander of the Camarilla's forces during times of great war. Karsh is the most famous Imperator.","camarilla,general,imperator,military,title,warlord"
"Imperator Karsh","The Warlord of the Camarilla who vanished in 2023, leaving a power vacuum in the military leadership.","camarilla,gangrel,imperator,karsh,lore,missing,mystery,npc,warlord"
"Inconnu","A mysterious sect of ancient vampires who have withdrawn from the Jyhad to seek Golconda. They monitor the other sects but rarely intervene.","golconda seekers,monitors,mystery sect,neutrals"
"Industrial Revolution","The era that allowed vampires to finally settle the 'urban valleys' of the mountains in numbers.","growth,history,industrial,settlement"
"Influence: Bureaucratic Errors","A Level 3 Commercial Industry influence action. Used by E.W. Grove to create a grant program for fire suppression systems.","action,commercial,grove,influence"
"Influence: Free Travel","A Level 1 Transportation/Underworld influence action. Allows for secure movement between cities or locations without tracking.","action,influence,logistics,travel"
"Influence: Illegal Favors","A Level 3 Underworld/Street influence action. Used to acquire contraband (guns, drugs, burner phones).","action,black market,crime,influence"
"Influence: No Party Crashers","A Level 5 influence action used to secure a location from mortal interference (police, fire, nosey neighbors).","action,influence,security,stealth"
"Influence: Smooth Over","A Level 4 News Media influence action. Used to spin a story or suppress a Masquerade breach in the press.","action,coverup,influence,media,spin"
"Initial XP","The Experience Points provided at character creation to customize a character. In this system, typically involves assigning attributes (7/5/3), skills, and backgrounds.","build,character creation,mechanics,xp"
"Inner Circle","The secretive ruling body of the entire Camarilla. Composed of the eldest members of each clan, they meet every 13 years in Venice to set global policy and appoint Justicars.","camarilla,global,inner circle,leadership,lore,politics,ruler,secret,title"
"Inquisitor","A member of the Sabbat Inquisition. They investigate infernalism and treason within the sect. They have the authority to accuse and try even high-ranking leaders.","inquisitor,internal affairs,investigator,judge,sabbat,title"
"Isabella María","Banu Haqim Primogen. Goes by 'Izzy'. Recently discovered her Sabbat associations and moved in with Wiebke. Wears a 'Mazel cocktail'.","banu haqim,banu haqim primogen,clan representative,diplomat,isabella,izzy,pc,primogen,warrior"
"Ishtarri","A Laibon lineage (and Toreador bloodline) of diplomats, spies, and hedonists. They are known for their beauty and dual nature.","africa,bloodline,ishtarri,laibon,lore,toreador"
"Item: Abyssal Ink","A consumable item used by Lasombra (Rio) for rituals or powers. 5 uses per jar.","abyss,item,lasombra,occult,ritual"
"Item: Blood Wine","A consumable item created by Dr. Elezar and The Knight. Restores blood/vitae. 16 points of blood per bottle.","blood,consumable,elezar,item,wine"
"Item: D-Tryptophan","A chemical compound possessed by Wyatt Alston. Likely used for sleep inducement or tampering with mortals/blood.","chemical,item,science,wyatt"
"Item: Foil Mana Crypt","A playset of rare Magic: The Gathering cards owned by Puck. Classified as 'Flashy'.","flavor,gaming,item,puck,wealth"
"Item: Frankencar","A vehicle owned by Pretty Boy Slim. Flashy and cobbled together, likely with high performance stats.","item,mechanic,pbs,vehicle"
"Item: Hattie's Key","A unique item held by Sariah. Likely opens something related to the deceased Primogen Hattie McCloud (Rabbit Motel?).","hattie,item,key,mystery,plot"
"Item: Hurdy Gurdy","A superior musical instrument owned by Nito. Adds dice to Performance checks.","instrument,item,music,nito"
"Item: Obsidian Pendulum","An item customized for Science (Psychology) and Dementation, owned by Harold. Used for hypnosis or diagnosis.","harold,hypnosis,item,malkavian,tool"
"Item: Origami Lion","A flavor item held by Faustus. Represents artistic skill or a specific message.","art,faustus,flavor,item"
"Item: PISS Keychain","A flashy keychain owned by Danny Reeves with gold/silver stars and glowing beads spelling 'PISS'.","danny reeves,flavor,funny,item"
"Jess Thomas","10th Gen Setite of Cast and Crew. Sufferer of anxiety.","jess,sabbat,setite"
"Johnny Caper","11th Gen Malkavian Abbot of Yahtzee Bitch. Bully.","johnny caper,malkavian,sabbat"
"Judge Inquisitor","A high-ranking Inquisitor authorized to convene tribunals and pass judgment on suspected traitors or infernalists.","judge,judge inquisitor,law,prosecutor,sabbat,title"
"Judeculla","A Methuselah (likely Salubri or Baali) trapped beneath the mountains of WNC. His influence is kept at bay by Helen's sacrifice. The source of much local magical turbulence.","ancient,judeculla,methuselah,monster,sleeping threat"
"Judeculla Rock","An ancient site of power in the mountains. Linked to the Salubri lineage and Saulot.","ancient,ancient site,judeculla rock,location,lore,magic,magic location,mountain mystery,noddist lore,salubri,saulot"
"Judicial Conclave","A high-level Camarilla court meeting to decide major laws or judge high-profile cases (like the Red List).","conclave,court,event,law,politics"
"Julie d’Aubigny (La Maupin)","Historical figure cited as the 'vibe' for Tallula Donegan.","duelist,flavor,inspiration,opera,tallula"
"Juliet Parr (Justicar)","The Malkavian Justicar. Sheriff of London. Presiding over the 2025 Conclave regarding Kemintiri.","juliet parr,justicar,leader,malkavian,npc"
"June 2025 Praxis Shift","The specific date when Prince Daveed Fourié claimed Praxis, resulting in the shuffling of Elysium locations (opening Grove Arcade, closing the Arboretum).","2025,daveed,elysium,history,politics,praxis"
"Justicar","The supreme judges and enforcers of the Camarilla, elected by the Inner Circle. They have the power to overrule Princes and command Archons. There is one for each Camarilla clan.","authority,camarilla,commander,enforcer,global,inner circle,justicar,leader,supreme judge,title"
"Justicar Basillia","Gangrel Justicar. Rose to power after the Gangrel rejoined the Tower. Suspected traitor by some.","basillia,gangrel,justicar,npc"
"Justicar Cock Robin","Nosferatu Justicar. Returned to the position in 2024 after Warwick's ousting.","cock robin,justicar,nosferatu,npc"
"Justicar Juliet Parr","Malkavian Justicar. Sheriff of London. Orchestrated the Setite amnesty offer.","juliet parr,justicar,malkavian,npc"
"Justicar Lucinde","Ventrue Justicar and Red Alastor. Effectively filling the role of Imperator.","alastor,justicar,lucinde,npc,ventrue"
"Justicar Madame Guil","Toreador Justicar. Known for ruthlessness and executing untouchable Elders. Tallula's ally.","justicar,madame guil,npc,toreador"
"Justicar Tegyrius","Banu Haqim Justicar. Masterminded the clan's entry into the Camarilla.","banu haqim,justicar,npc,tegyrius"
"Justicar Theo Bell","Brujah Justicar. Famous Archon who killed Hardestadt. Controversial but popular.","brujah,justicar,npc,theo bell"
"Justicar Ulugh Begh","The Tremere Justicar, recently appointed to replace Anastasz di Zagreb. He has taken a hardline stance against the Sabbat and is rumored to be critical of the Asheville domain's 'lax' history with the Sword of Caine. His Archon, Ferrum Civis, was recently destroyed in Asheville.","antagonist,camerilla leadership,hardliner,justicar,leader,npc,political threat,tremere,ulugh begh"
"K-Blur ('Keebler')","A Knocker Changeling who runs a distribution warehouse in Asheville. Primary contact for the local Fae.","changeling,fae,keebler,knocker,npc"
"Kamut","A specific term for a pack comprised entirely of Black Hand operatives.","black hand,elite,kamut,sabbat,squad,term"
"Kaymakli","The underground city in Turkey where Cappadocius held the 'Feast of Folly', sealing thousands of his 'unworthy' childer in the tunnels to starve or fall to the Beast.","cappadocian,feast of folly,giovanni,history,kaymakli,lore"
"Kemintiri (Red List)","The subject of the upcoming 2025 Judicial Conclave in London. The conclave will debate her removal from the #1 spot on the Red List.","conclave,kemintiri,lore,politics,red list"
"Ken Dances","Reclusive Nosferatu Neonate and host of the pirate radio show 'The Weather'. He has not been seen at a Gather in decades, yet everyone knows his voice.","ken dances,nosferatu,npc,radio,voice,weather"
"Keeper E.W. Grove","The Ventrue Keeper of Elysium and a legendary architect. He is the mastermind behind the Grove Park Inn and the Grove Arcade. He faked his death in 1927 and has a complicated history involving a betrayal of Prince Evander to the Sabbat in 1914, before defecting back to the Camarilla with Tallula in 1991.","architect,builder,elysium,grove,grove park inn,keeper,keeper of elysium,traitor,ventrue"
"Keeper of Elysium","The court officer responsible for the physical safety and maintenance of Elysium. They have the authority to confiscate weapons and expel troublemakers from the safe zone.","camarilla,elysium,elysium guard,event planner,guardian,host,keeper,keeper of elysium,pacifist enforcer,safety officer,title"
"Keeper of the Code","A title sometimes given to a vampire (often a Priest or Priscus) renowned for their knowledge of the Code of Milan and Sabbat law.","judge,keeper of the code,lawyer,sabbat,scholar,title"
"Kiasyd","The 'Weirdlings'. A Sabbat bloodline created from Lasombra experimentation with Fae blood. They are tall, pale scholars who study the Abyss and Arcadia.","bloodline,fae,fae vampires,kiasyd,lasombra,lore,sabbat,sabbat bloodline,scholars,weird"
"Killswitch","8th Gen Banu Haqim member of Hushed Puppies. Fighter.","banu haqim,fighter,killswitch,sabbat"
"Kindred","The term vampires use for themselves. Implies they are all family (descended from Caine).","family,kindred,self-term,us,vampire"
"Kindred Involvement (1888)","The start of significant vampire activity in WNC.","1888,history,start,timeline"
"Kine","The Kindred term for mortals/humans. Literally 'cattle'.","cattle,food,humans,kine,mortals"
"King Leopold Langora","The Satyr King of the Unseelie Court in Asheville. Took power during the 2020 pandemic. His primary goal is to keep the Changelings hidden from the vampire war.","changeling,king,leopold,satyr,unseelie"
"Knight Inquisitor","The martial arm of the Inquisition. They hunt down those accused by the Judges and drag them to trial (or destroy them if they resist).","enforcer,hunter,knight inquisitor,sabbat,soldier,title"
"Knights of the Moon","A faction of Malkavians who resisted the Great Prank. They retain the discipline of Dominate and often manifest insanity as cold sociopathy rather than manic delusion.","dominate,faction,knights,lore,malkavian"
"Koldunic Sorcery","Elemental blood magic practiced by Tzimisce (especially Sabbat). Tied to the spirits of the land (Kupala).","discipline,elemental,magic,sabbat,tzimisce"
"Laibon","The vampires of Africa. They possess distinct lineages (legacies) and govern themselves under the Ebony Kingdom, separate from the Camarilla and Sabbat.","africa,ebony kingdom,faction,laibon,lore"
"Land of the Sky","The poetic moniker for the Domain of Asheville.","asheville,domain,land of the sky,name,setting,title"
"Land of the Sky Falls (1914)","The conquest of Asheville by the Sabbat.","1914,conquest,history,sabbat"
"Lasombra Magister","An honorary title for a Lasombra who has mastered the shadows and the games of politics.","lasombra,lord,magister,master,sabbat,title"
"Lextalionis","The Law of Retaliation. The code that allows for the Blood Hunt. Eye for an eye.","blood hunt,death sentence,law of retaliation,lextalionis"
"Lhiannan","A rare, druidic bloodline of the Gangrel (or independent) linked to spirit magic (Ogham). They are hunted and nearly extinct.","bloodline,druid,extinct,gangrel,lore,magic"
"Liaison","A vampire appointed to communicate between different packs or factions within a city to ensure unity.","coordinator,diplomat,liaison,messenger,sabbat,title"
"Lineage","The genealogy of a vampire, tracing back to the Antediluvian. Ventrue and Lasombra place immense value on reciting and documenting lineage.","ancestry,camarilla,genealogy,history,lineage,pedigree,sire line,status source,term"
"Lines and Veils","Safety mechanics for the game. Lines are hard limits, Veils are fade-to-black.","lines,meta,rules,safety,veils"
"Loresheet","A background mechanic allowing characters to buy into specific metaplot elements (e.g., 'Descendant of Hardestadt', 'Veteran of the Sabbat War').","background,connection,lore,mechanics"
"Loyal (Passive Effect)","Passive Effect: If you receive 'Warned', this status is stripped instead of applying the Negative Status. (Sacrificial shield).","buffer,defense,loyal,mechanic,passive,status,warned"
"Loyal (Spent Effect)","Spent Effect: Acquire one piece of equipment or general info on short notice via NPC minions (5 min delay). Cannot be secret info or unique items.","equipment,info,loyal,mechanic,minions,spent,status"
"Loyalist (Faction)","A Sabbat member who believes in absolute freedom and rejects the hierarchy of Regents and Cardinals. They follow Caine's example of answering to no one.","anarch,faction,freedom,loyalist,rebel,sabbat"
"Loyalists","A Sabbat faction that believes in absolute freedom. They reject hierarchy and only obey Caine's direct commands (which are none).","anarch,faction,lore,loyalist,sabbat"
"Lucas Tractor","Neonate Nosferatu. Currently off-field.","lucas tractor,nosferatu,pc"
"Lucinde (Justicar)","The Ventrue Justicar and Alastor. One of the most powerful Kindred in the Camarilla.","leader,lucinde,npc,ventrue"
"Lucien Blake","Ductus of Yule Tied. 8th Gen Lasombra Traditionalist. Bitter about his position and resentful of Zelda Fitzgerald's art.","blake,ductus,lasombra,lucien,sabbat"
"Lucien Blake (Bishop)","Lasombra. The Sabbat Bishop of Spirituality. A 'Book of Nod thumping evangelist' who distributes Chick tracts.","bishop,lasombra,lucien blake,npc,sabbat,spirituality"
"Lupine","The Kindred term for Werewolves. Mortal enemies of vampires. They are viewed as savage demons who guard the wild places. A single Lupine can often destroy a whole coterie of vampires.","danger,enemy,lupine,savage,shifter,werewolf"
"Lupine War","The ongoing conflict between Asheville Kindred and the Garou, flaring up in 1900 and again in 2024.","conflict,garou,history,lupines,war"
"Madlad","Deceased Pander of Yahtzee Bitch. Loose cannon.","dead,madlad,pander,sabbat"
"Magda Doluda (Deceased)","Banu Haqim Ancilla and former Primogen. Ashes recovered Dec 7, 2024. Safeguarded the Ukrainian population of Asheville.","banu haqim,dead,magda,npc,primogen,ukraine"
"Mage","A human with the power to alter reality (True Magick). The Tremere were once Mages who lost their avatars to become vampires. Mages are unpredictable and dangerous.","dangerous mortal,mage,reality bender,willworker,wizard"
"Mallori Mayhem","A notorious Sabbat pack leader (Malkavian antitribu) known for chaotic and violent displays.","enemy,malkavian,mallori,pack,sabbat"
"Mama Jane Bratovich","Ductus of Southern Hospitality. 8th Gen Bratovich Tzimisce. Protective matriarch of her twisted family.","bratovich,mama jane,sabbat,tzimisce"
"Manfred von Kassel","Lasombra Ancilla and the current Sheriff of Greater Asheville. He is responsible for the martial defense of the city. As a Lasombra in the Camarilla, he faces constant suspicion but has proven his loyalty through effective enforcement of the Traditions.","camarilla convert,enforcer,lasombra,martial leader,sheriff manfred"
"Marco Asensio","Lasombra Pack Priest of 150 Guns.","lasombra,marco,priest,sabbat"
"Marcus Thorne","Tremere Apprentice of the Third Circle in the Triangle. An expert on the history of Washington D.C. and occult artifacts. Quiet, bookish, and politically naive.","marcus thorne,occultist,scholar,tremere,triangle"
"Maria Ramirez","Former Lasombra Primogen. Defected in 1991. Missing as of Dec 2024.","lasombra,maria,missing,primogen"
"Marko (Abbot)","11th Gen Setite Abbot of The Satyr Boys.","abbot,marko,sabbat,setite"
"Marrow Milker","6th Gen Kiasyd Elder. A monster of the Sabbat residing with the Yule Tied pack.","elder,kiasyd,marrow milker,monster,sabbat"
"Mars Hill Library","The massive collection of heretical lore kept by Baron Schaefer in Mars Hill.","library,location,mars hill,schaefer"
"Mars Hill University","The stronghold of Baron Schaefer. Houses a library of forbidden and heretical texts not permitted in the Camarilla.","anarch,anarch territory,baron schaefer,library,location,mars hill,neutral ground,occult research,university"
"Martin Simpson","10th Gen Brujah of Cast and Crew. Former security guard.","brujah,martin,sabbat"
"Masquerade Breach","Any action that reveals the existence of vampires to mortals. Using disciplines in public, showing fangs, or getting caught on camera. Results in swift punishment.","crime,danger,exposure,masquerade breach,violation"
"Maximum Fatality","A violent Brujah/biker pack based in Canton. Led by Rex 'The Dick' Morst. Eager for war with the Camarilla.","biker,brujah,canton,combat,maximum fatality,pack,rex morst,sabbat,sabbat pack,war mongers"
"Mental Focus: Intelligence","A character creation choice. May grant a +3 bonus to related non-power challenges or halve the time required for focus-related actions (e.g., forensics).","attribute,focus,intelligence,mechanics,mental"
"Mental Focus: Perception","A character creation choice. May grant a +3 bonus to related non-power challenges or halve the time required for focus-related actions (e.g., searching a room).","attribute,focus,mechanics,mental,perception"
"Mental Focus: Wits","A character creation choice. May grant a +3 bonus to related non-power challenges or halve the time required for focus-related actions (e.g., remembering details).","attribute,focus,mechanics,mental,wits"
"Mercy Merriman","Brujah Elder and Whip. A fiery orator and seasoned warrior of the clan of the Learned. She guides the younger Brujah and ensures their passion is directed towards the enemies of the Tower rather than its foundations.","brujah whip,elder,mercy,orator,warrior"
"Merit: Arcane","A supernatural quality that makes the vampire difficult to remember or record. Photos blur, files get lost, and people forget their face. Common among high-level NPCs.","memory,merit,mystery,stealth,untraceable"
"Merit: Architect of the Tower","Innate Status: Architect.","architect of the tower,merit,status"
"Merit: Artist's Blessing","A Toreador-specific merit (1 point). Grants 3 free dots of a Craft or Performance skill and raises the cap on those skills to 7.","art,mechanit,merit,skill cap,toreador"
"Merit: Personal Cult","A Setite-specific merit (1 point). Grants additional Background points that must be assigned to Allies, Contacts, or Herd, representing a fanatic cult.","backgrounds,cult,mechanit,merit,setite"
"Merit: Prestigious Sire","Innate Status: Loyal.","merit,prestigious sire,status"
"Merit: Protean Blood","A Gangrel-specific merit (1 point). Allows the user to occasionally activate Protean powers without spending blood.","blood efficiency,gangrel,mechanit,merit,protean"
"Merit: Rugged","A physical merit representing tough skin or dense bones. Reduces damage from physical attacks.","defense,merit,physical,tough"
"Merit: Shape of Beast's Wrath","A Werewolf-specific merit (or Gangrel). Allows the user to shift into the Crinos (war form) for devastating combat bonuses.","combat,crinos,merit,shape,werewolf"
"Merit: Slippery Customer","A merit that makes the user incredibly hard to grapple or restrain.","defense,escape,grapple,merit"
"Merit: Szlachta","A Tzimisce-specific merit (2 points). Allows the vampire to fleshcraft Retainers into twisted war-ghouls with combat bonuses.","combat,ghoul,mechanit,merit,tzimisce"
"Merit: Versatile","Allows a character to use a specific Ability with a different Attribute than usual (e.g., Strength + Intimidation instead of Charisma).","flexibility,merit,skill"
"Merriam Walker","Ductus of Old Guard. 8th Gen Ventrue antitribu (Crusader). A terrifying warrior and architect loyal to Tallula.","crusader,ductus,merriam,sabbat,ventrue"
"Merriam Walker (Bishop)","Ventrue antitribu. The Sabbat Bishop of Security in the new Archdiocese.","bishop,merriam walker,npc,sabbat,security,ventrue"
"Methuselah","A vampire of the 4th or 5th generation, usually thousands of years old. They are rarely seen in open court and are feared for their godlike power.","4th generation,5th generation,ancient,camarilla,godlike,methuselah,myth,puppet master,status"
"Methuselah's Thirst","The curse that ancient vampires can no longer sustain themselves on human blood and must feed on the vitae of other vampires.","cannibalism necessity,curse,elder flaw,hunger"
"Michael (Bishop)","9th Gen Malkavian Bishop of Prophecy. Member of The Satyr Boys pack.","bishop,malkavian,michael,sabbat"
"Michael Valentine (Keeper)","The Brujah Keeper of Elysium appointed in August 2025. He introduced the 'Steward' system for Elysium staff.","brujah,elysium,keeper,michael valentine,npc"
"Miles Wilkins (Deceased)","Toreador Neonate and former Primogen. Ashes recovered Jan 4, 2025. Rumored to have paid for his seat. Obsessed with fantasy football.","dead,football,miles wilkins,npc,primogen,toreador"
"Miss Kitty","Bishop of Resources and member of 150 Guns. 12th Gen Nosferatu. An 'art personality' and influencer.","bishop,influencer,kitty,nosferatu,sabbat"
"Moe Schmoe","Banu Haqim Ancilla. Currently inactive. Known for using Silver and Incendiary ammo.","banu haqim,fighter,inactive,moe,pc"
"Monalisa","The slang term for the act of destroying a vampire's face or identity using Vicissitude or physical damage, often done by Sabbat to mocks the beautiful Toreador. (Contextual slang).","disfigurement,insult,slang"
"Monomacy","The Sabbat rite of ritual duel. Used to settle grievances or challenge leadership positions. The winner is often entitled to diablerize the loser.","combat,duel,lore,monomacy,ritual,rules,sabbat"
"Moongate","A magical portal or phenomenon associated with Judeculla Rock and the bridge. Helen's suicide 'cinched' the leyline to close it.","helen,judeculla,leyline,magic,portal"
"Morgan 9's Doan","Gangrel Ancilla and Enforcer. A wilderness scout and combatant who patrols the borders of the city, intercepting threats before they reach the urban center.","border patrol,fighter,gangrel enforcer,morgan doan,scout"
"Murder Piñata","A hyper-violent Sabbat pack dedicated to the destruction of Prince Tallula and her 'traitor' regime. Led by the Nosferatu Twist, they specialize in psychological warfare and physical devastation. Rumors suggest a deep connection between Twist and the Camarilla Sheriff Oliver.","assassins,combat specialists,enemy,murder pinata,nosferatu,pack,sabbat,sabbat pack,twist,war pack"
"Nagaraja","A bloodline of flesh-eating necromancers. They possess sharp teeth and must consume human flesh in addition to blood.","bloodline,cannibal,cannibals,flesh eaters,lore,nagaraja,necromancer,necromancers,sharp teeth"
"Nautilus","9th Gen Giovanni of Cast and Crew. Curmudgeon.","giovanni,nautilus,sabbat"
"Necromancy: Path of Ash","The path focusing on the Shroud (the barrier between worlds) and the Shadowlands.","discipline,ghosts,necromancy,shroud"
"Necromancy: Path of Bone","The path focusing on corpses, zombies, and the physical remains of death.","corpses,discipline,necromancy,zombies"
"Necromancy: Path of the Sepulchre","The path focusing on communicating with and commanding ghosts. Used by Giovanni and some Tremere/Lasombra.","discipline,ghosts,necromancy,path"
"Neonate","A young vampire (typically <50 years active) who has been released/acknowledged but has not yet earned the rank of Ancilla.","beginner,camarilla,low rank,neonate,newly released,rank,rookie,status,young,young vampire"
"Nictuku","Monstrous vampires created by the Nosferatu Antediluvian to hunt down and destroy his own clan. They are the boogeymen of the Sewer Rats.","enemy,hunter,lore,nictuku,nosferatu"
"Nights of Turmoil","The period in recent history (approx 1999-2010) marked by the appearance of the Red Star, the Week of Nightmares, and the Gehenna Crusade. Changed the political landscape significantly.","event,history,instability,lore,red star"
"Nito","Tremere Neonate and Primogen. A young Warlock thrust into a position of power. He deals with the magical threats to the city, including the Sabbat's Koldunic sorcery and the recent disturbances in the ghostly shroud.","magic defense,neonate leader,nito,tremere primogen,warlock"
"Noble (Passive Effect)","Passive Effect: Award 'Acclaimed' or 'Loyal' without expending. Target limited to one from you at a time.","buff,granting status,mechanic,noble,passive,status"
"Noble (Spent Effect)","Spent Effect: Give the Negative Status 'Vulgar' to an individual who caused significant offense.","mechanic,noble,punishment,spent,status,vulgar"
"Noddist","A scholar of the Book of Nod. They study the lore of Caine and the Antediluvians, seeking signs of Gehenna.","historian,noddist,priest,sabbat,scholar,title"
"Noddism","The study of the Book of Nod and the history of Caine. Central to Sabbat theology.","caine,lore,noddism,religion,sabbat"
"Noddists","Scholars who study the Book of Nod and Caine. Often associated with the Sabbat, but also found among curious Camarilla (like those seeking the Schaefer Archive).","caine,heretic,lore,religion,scholar"
"Nomad Pack","A Sabbat pack that travels from city to city, acting as messengers, scouts, or reinforcements. They have no permanent domain.","drifter,nomad,sabbat,scout,term,traveler"
"North Carolina Arboretum","A secondary Elysium established in 2001, featuring extensive gardens and an arena designated for ritual combat and duels. It allows for the resolution of grievances in a controlled environment under the supervision of the Master of Elysium.","arboretum,arena,duel,dueling ground,elysium,gardens,nature,ritual combat"
"Old Guard","A Sabbat pack of Tallula loyalists who refused to defect with her but remain strangely protective of her interests. Based in Hendersonville, they are led by Merriam Walker (Ventrue antitribu). They represent the complex web of loyalty and betrayal that defines the Asheville Sabbat.","crusaders,hendersonville,loyalist,loyalists,merriam walker,old guard,pack,sabbat,sabbat pack,ventrue antitribu"
"Ominous (Passive Effect)","Passive Effect: Grants highest level of command. Almost everything is allowable.","mechanic,ominous,passive,status,supreme"
"Ominous (Spent Effect)","Spent Effect: When expending status to give Disgraced/Forsaken, it can ONLY be removed by another Inner Circle member.","mechanic,ominous,permanent,punishment,spent,status"
"Ophelia","Malkavian Neonate and Whip. A cryptic and insightful voice among the Lunatics. She helps interpret the madness of her clanmates and channel their insights into useful intelligence for the Primogen.","interpreter,malkavian whip,neonate,ophelia,seer"
"Ophelia's Sheriffdom","The brief period in early 2025 where Ophelia (Malkavian) served as Sheriff after Oliver's disappearance and before Manfred took the role.","2025,history,malkavian,ophelia,sheriff"
"Operation: Fight Club","A rumored (and denied) Symbel Ordeal for combat that Jack Greenlimb teased in Feb 2025.","fight club,history,jack greenlimb,rumor,symbel"
"Opposed Challenge","A test between two characters (PC vs PC or PC vs NPC). Both parties form a test pool and throw Rock-Paper-Scissors.","challenge,mechanics,pvp,system,test"
"Osebo","A Laibon lineage of warriors. They are often associated with the Beast and serve as the guardians of the Ebony Kingdom.","africa,bloodline,laibon,lore,osebo,warriors"
"Osiris","A vampire who builds a cult of mortals around them for blood and worship.","archetype,cult,lifestyle,religion"
"Pack","The Sabbat equivalent of a coterie, but bound by the Vaulderie and fanatical loyalty. They live and fight as a single unit.","commune,family,gang,pack,sabbat,sabbat group,squad,term,unit,warband"
"Pack Priest","The spiritual leader of a Sabbat pack. They conduct the Auctoritas Ritae (like the Vaulderie) and ensure the pack remains loyal to the sect and true to their Path of Enlightenment.","guide,priest,ritualist,sabbat,spiritual leader,title"
"Palla Grande","The Grand Ball. A major Sabbat festival held on Halloween (or Walpurgis Night). A mockery of Camarilla court involving excess and a blood feast.","blood feast,festival,halloween,horror party,lore,palla grande,ritual,sabbat,sabbat holiday"
"Palla Grande Offensive (2025)","A coordinated strike by the Independent Alliance against Sabbat strongholds (Atlanta, Savannah) on Halloween 2025.","2025,halloween,history,offensive,sabbat,war"
"Pander","The Clanless of the Sabbat. Led by Joseph Pander, they fought for recognition as a legitimate 'clan' within the sect.","bloodline,caitiff,lore,pander,sabbat"
"Pander (Title)","A member of the Pander bloodline (Clanless Sabbat). They have fought for and won the right to be treated as a legitimate tribe within the sect.","clanless,legitimate,pander,sabbat,title,tribe"
"Panders","The Clanless of the Sabbat. Unlike Camarilla Caitiff, they have established themselves as a legitimate political tribe within the Sword of Caine, led by Joseph Pander.","legitimate tribe,organized clanless,sabbat caitiff"
"Patrol Duty","The explicit expectation that a Clan must physically defend their assigned Feeding Territory from Masquerade breaches and interlopers. Failure to patrol can result in the Prince stripping the territory or Hunters establishing a foothold.","consequence,duty,feeding,patrol,rules,security"
"Path Follower","A vampire who has formally adopted a Path of Enlightenment, abandoning Humanity. They are viewed as more 'evolved' by the sect.","enlightened,moral,path follower,sabbat,status,true sabbat"
"Path of Caine","A Sabbat path focusing on emulating Caine, the first vampire. Adherents seek to master their vampiric nature, learn blood sorcery, and diablerize to gain power closer to Caine.","cainite,diablerist,noddist path,scholar"
"Path of Cathari","A path of vice and excess. Adherents believe vampires are creatures of the material world and should indulge in every pleasure and sin to trap the soul in the body.","alcibiades,hedonists,sinners,vice"
"Path of Death and the Soul","A path practiced by Necromancers. It involves a detached, scientific study of death, souls, and entropy. Adherents are cold and emotionless.","cold,detached,necromancer path,scientific"
"Path of Enlightenment","An alternative moral code to Humanity, used by Sabbat and Elders to control the Beast. Examples: Path of Caine, Path of Lilith, Path of Night.","alternative morality,beast control,lore,mechanics,morality,path,philosophy,sabbat,sabbat code"
"Path of Feral Heart","A path for those who embrace the Beast. Adherents live as supreme predators, following the instincts of the wild. They are often Gangrel.","beast path,feral,instinctive,predator"
"Path of Honorable Accord","The Path of Enlightenment Tallula followed before switching to Humanity in 2002.","code,history,honor,knight path,lore,loyalty,paladin,path,sabbat,tallula"
"Path of Lilith (Bahari)","A path that worships Lilith as the Dark Mother. Adherents seek wisdom through pain and suffering (giving and receiving). They are often enemies of Caine-worshippers.","dark mother,heresy,lilith worship,pain,suffering"
"Path of Metamorphosis","A Tzimisce path focused on evolving the body and soul through Vicissitude. Adherents view themselves as changing gods, discarding humanity for a higher state of being.","evolution,fleshcrafting,godhood,transhumanism,tzimisce path"
"Path of Night","A Lasombra path. Adherents believe they are the shadows sent by God to punish sinners. They accept their role as monsters and rulers of the dark.","lasombra path,monsters,punishers,shadows"
"Path of Power and the Inner Voice","A path of absolute rule. Adherents believe that power justifies itself and that the strong must rule the weak. Common among Sabbat leaders (Bishops/Cardinals).","dictator,leader path,machiavellian,power,rule"
"Pentex","A mega-corporation mentioned in 1888 history as working with George Vanderbilt. Enemy of the Garou.","corporation,enemy,lore,pentex,wyrm"
"Physical Focus: Dexterity","A character creation choice. Grants the ability to use one Dexterity-based combat maneuver (Burst of Speed, Disarm, Fighting Blind, Quick Draw) without cost once per combat.","attribute,combat,dexterity,focus,mechanics,physical"
"Physical Focus: Stamina","A character creation choice. The character does not suffer wound penalties and cannot be Knocked Out or Knocked Down unless the attacker has a higher Physical attribute.","attribute,defense,focus,mechanics,physical,stamina"
"Physical Focus: Strength","A character creation choice. Grants the ability to use one Strength-based combat maneuver (Disarm, Grapple, Knock Down, Pierce the Heart) without cost once per combat.","attribute,combat,focus,mechanics,physical,strength"
"Pieter van Dorn","A Brujah traitor to the Triangle Chantry. A former anti-apartheid poet who defects to the Anarchs/Setites. Currently missing.","anarch,brujah,pieter van dorn,poet,traitor"
"Pip Riviere","Toreador. Full name 'Pieretta Riviere'. Carries a Stylish Accurate Pistol. Active in Law Enforcement influence.","gun,law,pc,pip,toreador"
"Pontifex","A high-ranking Tremere leader overseeing a vast geographic region (consisting of several domains). They answer to the Council of Seven.","camarilla,magician,pontifex,regional leader,title,tremere"
"Pop Eye","10th Gen Malkavian Priest of Hushed Puppies. Freak.","malkavian,pop eye,priest,sabbat"
"Position: Alastor","Abiding Status: Commander.","alastor,commander,position,status"
"Position: Ancilla","Abiding Status: Confirmed.","ancilla,confirmed,position,status"
"Position: Archon","Abiding Status: Commander, Noble.","archon,commander,noble,position,status"
"Position: Elder","Abiding Status: Confirmed, Established, Privileged.","confirmed,elder,established,position,privileged,status"
"Position: Harpy","Abiding Status: Prominent, Noble, Guardian.","guardian,harpy,noble,position,prominent,status"
"Position: Imperator","Abiding Status: Ascendant, Authority, Commander.","ascendant,authority,commander,imperator,position,status"
"Position: Inner Circle","Abiding Status: Ascendant, Authority, Commander, Ominous.","ascendant,authority,commander,inner circle,ominous,position,status"
"Position: Justicar","Abiding Status: Ascendant, Authority, Commander.","ascendant,authority,commander,justicar,position,status"
"Position: Keeper of Elysium","Abiding Status: Enforcer, Guardian.","enforcer,guardian,keeper,position,status"
"Position: Primogen","Abiding Status: Noble.","noble,position,primogen,status"
"Position: Prince","Abiding Status: Authority, Commander, Sovereign.","authority,commander,position,prince,sovereign,status"
"Position: Scourge","Abiding Status: Enforcer.","enforcer,position,scourge,status"
"Position: Seneschal","Abiding Status: Noble. Also Authority (only when Prince is not in attendance).","authority,noble,position,seneschal,status"
"Position: Sheriff","Abiding Status: Enforcer, Privileged.","enforcer,position,privileged,sheriff,status"
"Position: Whip","Abiding Status: Noble (only when Primogen is not in attendance).","noble,position,status,whip"
"Praised (from Disgraced)","Mechanic: Anyone who publicly insults a Disgraced character gains the Fleeting Status 'Praised'. Multiple people can gain this from one target, but only once per target per game.","disgraced,insult,mechanic,praised,social,status"
"Praised (Passive Effect)","Passive Effect: None.","mechanic,none,passive,praised,status"
"Praised (Spent Effect)","Spent Effect: Claim a small favor (Trivial Boon level) from any Accepted sect member not already in your debt.","boon,favor,mechanic,praised,spent,status"
"Praxis","The right to rule a domain. A Prince 'claims Praxis' to establish their authority. It must be supported by the Primogen and the capacity to enforce it.","authority,camarilla,claim,law,praxis,princehood,right to rule,rule,sovereignty,term"
"Predator Type","A categorization of how a vampire feeds (e.g., Siren, Alleycat, Osiris). Determines their hunting style and initial bonuses.","archetype,character creation,feeding,mechanics"
"Premascine","A Giovanni bloodline that acts as a throwback to the Cappadocians. They can learn the Mortis Path of Necromancy and often appear corpse-like.","bloodline,cappadocian,giovanni,lore,necromancy"
"Pretty Boy Slim","Toreador Ancilla and Deputy Sheriff. A combat-capable Toreador who defies the stereotype of the effete artist. He assists Sheriff Manfred in the physical defense of the Masquerade.","deputy sheriff,enforcer,fighter,pretty boy slim,toreador"
"Pretty Boy Slim (PBS)","Toreador Ancilla Deputy Sheriff. Drives a 'Franken-car' (Flashy). Uses Auto repair tools. Defies the 'artsy' stereotype with combat prowess.","fighter,mechanic,pc,sheriff,toreador"
"Pretty Peggy Sue Bratovich","10th Gen Bratovich. The 'cultured' face of the hillbilly family.","bratovich,peggy sue,sabbat,tzimisce"
"Priest (Pack Priest)","The spiritual leader of a Sabbat pack. They lead the Vaulderie and Rites of Monomacy.","guide,pack priest,priest,ritualist,sabbat rank,spiritual leader"
"Priest (Sabbat)","The spiritual leader of a Sabbat pack. Responsible for conducting Ritae and maintaining morale.","ductus,lore,pack leader,priest,sabbat,title"
"Primogen","The council of advisors to the Prince, usually representing the interests of their respective clans. They are the elders who check the Prince's power and advocate for their lineage.","advisor,camarilla,clan leader,council,elder representative,legislature,primogen,title"
"Primogen Council","The collective body of Primogen. They meet to vote on domain issues, advise the Prince, and in some cities, elect the Prince.","camarilla,council,government,legislature,primogen,term"
"Prince (Praxis Holder)","The supreme ruler of a Camarilla domain. They hold the right of Praxis, the authority to create progeny, judge disputes, and call Blood Hunts. Their word is law within the city limits.","authority,camarilla,praxis,prince,ruler,title"
"Prince Daveed","The current ruler of the city, strict adherent to the Masquerade.","kevin,prince kevin,ruler"
"Prince Ginevra Bellecourt","The Ventrue Prince of Charlotte, NC ('The Golden Tower'). A 7th Generation Elder who has ruled for over a century. Known for her cruel sense of humor, air hockey championship skills, and rigid social hierarchy.","bellecourt,charlotte,elder,neighbor,prince,ventrue"
"Prince Iago","The ruler of Knoxville, TN ('The Marble Tyrant'). A tyrannical Prince who keeps his domain under strict martial law. He is a rival to the Asheville domain and a threat to the Anarch Free State.","iago,knoxville,neighbor,prince,rival,tyrant"
"Prince Malphas","The Prince of the Triangle (Raleigh/Durham/Chapel Hill). A Tremere Elder who acts as an 'uncle' figure to many. He maintains a stable, academic domain and corresponds with Tallula Donegan.","ally,malphas,prince,raleigh,tremere,triangle"
"Prince Tallula Donegan","The current Toreador Prince of Greater Asheville. Formerly the Sabbat Archbishop of Appalachia, she defected to the Camarilla in 1991. Known for her ruthlessness and love of fine things.","archbishop,donegan,prince,ruler,tallula,toreador"
"Prince's Court","The collective body of officers and acknowledged Kindred who attend the Prince's gatherings. It is the center of social and political life.","camarilla,court,gathering,politics,society,term"
"Priscus","An advisor in the Sabbat with great status but no temporal command. They advise the Consistory.","advisor,consistory,counselor,elder,lore,sabbat,status,title"
"Privileged (Passive Effect)","Passive Effect: Cannot be openly/effectively accused of lying unless accuser has Privileged, Commander, Triumphant, or Authority.","defense,lying,mechanic,passive,privileged,status,truth"
"Privileged (Spent Effect)","Spent Effect: Give the Negative Status 'Vulgar'.","mechanic,privileged,punishment,spent,status,vulgar"
"Prominent (Passive Effect)","Passive Effect: Award 'Honorable' or 'Courteous'. Target limited to one from you at a time.","buff,granting status,mechanic,passive,prominent,status"
"Prominent (Spent Effect)","Spent Effect: Exile. Target must physically leave the scene (room/area) for 10 minutes. If they refuse, they gain 'Disgraced'. Cannot be used in combat.","exile,mechanic,prominent,punishment,social,spent,status"
"Puck Burbage","Toreador Ancilla and Primogen. A prominent artist and socialite, Puck manages the artistic soul of the city and the preservation of the Toreador's influence. They are deeply involved in the social maneuvering of Elysium.","artist,elysium politics,puck,socialite,toreador primogen"
"Pyramid","The rigid hierarchical structure of Clan Tremere. Every member has a specific rank and superior they must obey.","camarilla,hierarchy,pyramid,structure,term,tremere"
"Quickdraw Quinine Callahan","9th Gen Lasombra Pack Priest of Murder Piñata. Fanatic Corsair.","corsair,fanatic,lasombra,priest,quickdraw,sabbat"
"Rabbit Motel","A boutique motel run by the late Hattie McCloud. Known for its kitchen and serving kindred clientele.","business,feeding,hattie,location,motel,rabbit motel"
"Rafferty","Ventrue Ancilla and Primogen. A business magnate and enforcer of the Ventrue ethic of leadership. He ensures the financial stability of the domain and the adherence to the protocols of lineage and dignity.","businessman,financial stability,leader,rafferty,ventrue primogen"
"Railroad Expansion","Historical driver of Kindred population growth in the late 19th century mountains.","expansion,history,railroad,travel"
"Ravnos","A clan of tricksters and illusionists. They were nearly wiped out in 2004 during the 'Week of Nightmares' when their Antediluvian woke and was nuked. Survivors are nomads. Their power is Chimerstry (illusions).","chimerstry,decimated,illusionists,nomads,tricksters"
"Recruiter","A Sabbat vampire who specializes in identifying potential shovelheads or true recruits for the sect.","growth,recruiter,sabbat,scout,sire,title"
"Red List (Anathema)","The 'Most Wanted' list of the Camarilla. Vampires who have committed crimes so heinous (usually infernalism, massive breaches, or ancient crimes) that their global destruction is mandated.","criminals,enemies of state,kill on sight,most wanted"
"Red Star Shines (1999)","The omen of Gehenna.","1999,gehenna,history,omen"
"Regent","The spiritual and temporal leader of the entire Sabbat sect. Believed to rule in Caine's stead.","caine's proxy,leader,lore,regent,sabbat,supreme,title"
"Regent (Tremere)","The leader of a local Tremere Chantry. They govern the Warlocks of the city and report to the Lord or Pontifex of the region.","camarilla,chantry leader,magician,regent,title,tremere"
"Religious Trauma","A specific theme explored in the game due to the setting's Sabbat history, acknowledging that much of the Sabbat's iconography and control mechanisms are twisted from Catholic trappings.","atmosphere,meta,religion,sabbat,theme,trauma"
"Renovations (Grove Arcade)","The official reason given by Prince Daveed Fourié for stripping the Grove Arcade of its Elysium status on December 3rd, 2025. Likely a euphemism for a security breach or political shift.","2025,coverup,daveed,elysium,grove arcade,history,politics"
"Revenant","A rare type of ghoul born to a ghoul family (like the Bratovitch). They produce their own weak vitae and are naturally long-lived without needing constant feeding. Used by the Sabbat and Tzimisce.","born ghoul,breeding stock,naturally magical,tzimisce servant"
"Rex 'The Dick' Morst","Ductus of Maximum Fatality. 8th Gen Brujah. A bully who hates Tallula for defecting. Bishop of War.","bishop,brujah,rex,sabbat,war"
"Rex the Dick (Destroyed)","Brujah antitribu. Former Sabbat Bishop of Pride. Slain June 7, 2025. Ran a biker gang in Canton.","biker,brujah,dead,npc,rex,sabbat"
"Ridgefangs","Tallula Donegan's original Sabbat pack. Disbanded/Defected in 1991. Known for their nomadic warring against the Camarilla.","history,pack,ridgefangs,sabbat,tallula"
"Rio de la Cruz","Lasombra Ancilla. A necromancer who uses 'Abyssal Ink' and 'Abyssal Ichor'. Recently quested to create lenses from a Timber Baron's eyes.","abyss,lasombra,necromancer,pc,quest,rio"
"Ritual: Blood Wine","A Thaumaturgy ritual to store vitae in wine. Known by Dr. Elezar and The Knight.","blood,ritual,storage,thaumaturgy"
"Ritual: Communicate with Kindred Sire","Allows telepathic communication with one's sire. Used by Dr. Elezar to talk to his 'mother'.","communication,ritual,sire,thaumaturgy"
"Ritual: Deflection of Wooden Doom","A common ritual making the caster resistant to staking.","defense,ritual,staking,thaumaturgy"
"Ritual: Pavis of Foul Presence","A ritual that reverses the effects of Presence used against the caster.","defense,presence,ritual,thaumaturgy"
"Ritual: Wake with Morning's Freshness","Allows a vampire to wake up during the day instantly if disturbed.","daytime,ritual,survival,thaumaturgy"
"Ritual: Ward vs. Lupines","A ritual creating a barrier that burns werewolves. Essential for Asheville's borders.","defense,ritual,thaumaturgy,werewolf"
"Ritualist","A vampire skilled in the performance of Ignoblis Ritae.","magic,pack,priest,ritualist,sabbat,title"
"Roach","Blood Brother pack (Stock 3). Members of the Sabbat.","blood brother,hive mind,roach,sabbat"
"Robert Fraser","Gangrel Ancilla and Primogen. He represents the Beasts of the domain. His primary concern is the encroaching threat of the Lupines and the security of the rural borders of Greater Asheville.","beast,border security,gangrel primogen,robert fraser,wilderness expert"
"Rötschreck","The Red Fear. The terror induced by fire or sunlight. It causes an immediate, panic-fueled flight reflex in vampires.","cowardice,fire fear,instinct,sun panic"
"Sabbat Coin ('bbat coin)","A rare gold coin from the Dahlonega Mint, used by local Sabbat and some savvy independents as an informal currency. One coin is roughly equivalent to a Minor Boon.","boon,coin,currency,gold,lore,sabbat,trade"
"Sabbat Coin (Item)","Rare gold coins from the Dahlonega Mint used as currency by local Sabbat. Worth roughly a Minor Boon.","coin,currency,item,lore,sabbat"
"Sabbat Join the Fight (1910)","The Sabbat's entry into the local conflict.","1910,history,sabbat,war"
"Sadie","Former Brujah Primogen. An Elder who led the council. Ashes recovered Jan 2025.","brujah,dead,elder,primogen,sadie"
"Sadie (Deceased)","Brujah Elder and former Primogen. Ashes recovered Jan 4, 2025. Former Harpy of Charlotte who moved to Asheville in 2001.","brujah,dead,elder,npc,primogen,sadie"
"Salubri","A nearly extinct clan of healers and warriors with a third eye. They were destroyed by the Tremere (who diablerized their founder, Saulot). They are hunted as 'soul eaters' by Camarilla propaganda.","extinct clan,healers,hunted,saulot,third eye"
"Salubri Healers (Lambs)","The original caste of the Salubri clan. Persecuted by the Tremere, they seek Golconda and practice the healing art of Obeah.","bloodline,healer,lamb,lore,obeah,salubri"
"Salubri Warriors","The caste of Salubri who turned to war to survive. They joined the Sabbat and practice the discipline of Valeren (burning righteous fire).","bloodline,lore,sabbat,salubri,valeren,warrior"
"Samedi","A bloodline of rotting necromancers. They resemble zombies and practice Thanatosis (decay). They often work as mercenaries.","bloodline,lore,mercenaries,necromancer,necromancers,rotting,samedi,thanatosis,zombie,zombies"
"Sanctioned (Passive Effect)","Passive Effect: None.","mechanic,none,passive,sanctioned,status"
"Sanctioned (Spent Effect)","Spent Effect: Allows a specifically defined breach of one sect law without punishment. An exception granted by Authority.","exception,law breaking,mechanic,sanctioned,spent,status"
"Sandman","A vampire who feeds from sleeping victims.","archetype,feeding,lifestyle,stealth"
"Sariya Anderson","Ductus of the 'Yahtzee Bitch' Sabbat pack. A Pander architect who builds traps and fortifications.","ductus,pander,sabbat,sariya,yahtzee bitch"
"Satyr Boys","A Sabbat pack of loyalists. Members include Michael (Malkavian Bishop), David (Brujah Ductus), Marko (Setite Abbot), Dwayne (Gangrel), and Star (Salubri).","loyalist,pack,sabbat,satyr boys"
"Sawtooth Pete","9th Gen Gangrel of Hushed Puppies. Bishop of Information. Former Cam Primogen.","bishop,gangrel,sabbat,sawtooth pete"
"Sawtooth Pete (Bishop)","Gangrel antitribu. The Sabbat Bishop of Resources. Former Camarilla Primogen who defected back to the Sword of Caine.","bishop,gangrel,npc,resources,sabbat,sawtooth pete"
"Saxon Braithwaite","Fledgeling Gangrel.","gangrel,pc,saxon"
"Scene Queen","A vampire who feeds from a specific subculture (goth, club, drug).","archetype,feeding,lifestyle,subculture"
"Schaefer Archive","The library of heretical texts held by Baron Schaefer at Mars Hill. Guarded by a Type-D Aegis.","library,location,lore,mars hill,schaefer"
"Schaefer's Fiefdom","The autonomous Anarch domain centered around Mars Hill University. It is known for hosting a library of texts that would be destroyed by the Camarilla for their heretical or dangerous nature.","anarch,heresy,library,location,mars hill,schaefer"
"Schismatics","The faction of Banu Haqim that split from Alamut to join the Camarilla.","banu haqim,camarilla,faction,schismatics"
"Schismatics Find a Seat (2000)","Banu Haqim entry to council.","2000,banu haqim,council,history"
"Scholar","A pack role for the vampire who keeps the lore and knowledge of the pack (often the Priest, but not always).","pack,role,sabbat,sage,scholar,title"
"SchreckNET","The former Nosferatu internet network. It was compromised by the NSA/Second Inquisition, leading to the destruction of many vampires. It is now strictly forbidden to use unencrypted digital comms for Kindred business.","compromised,danger,hacker network,history,nosferatu tech"
"SchreckNET 2.0","The attempt to rebuild the Nosferatu network after the SI crash. Heavily monitored and dangerous. 'xX_DarkRat_Xx' is a user.","danger,internet,lore,nosferatu,tech"
"Scout","A pack role for the vampire best suited to reconnaissance and stealth.","pack,role,sabbat,scout,spy,title"
"Scourge","A court official responsible for thinning the population of the domain. They hunt down Caitiff, unauthorized childer, and Thin-bloods to keep the vampire population sustainable and pure.","caitiff slayer,court officer,killer,population control,thin-blood hunter,title"
"Second Inquisition","The modern threat of government hunters (FBI/NSA).","antagonist,fbi,hunters,si,threat"
"Seneschal","The Prince's right hand and administrator. They handle the boring details of ruling, manage schedules, and stand in for the Prince when they are unavailable.","administrator,chamberlain,deputy,deputy prince,manager,second in command,secretary,title"
"Seneschal Big Ben","The Prince's right hand, a massive Elder of unknown clan (rumored Brujah). He defected with Tallula in 1991. Missing as of Dec 2024.","big ben,elder,missing,seneschal"
"Seneschal Huy","The Nosferatu Seneschal of Charlotte. A Vietnamese Elder of the 7th Generation who spent decades in torpor after the Vietnam War. He deepened the Charlotte warrens and enforces the Prince's will with silent efficiency.","charlotte,elder,huy,nosferatu,seneschal,vietnam"
"Seneschal's Whip","A rare title for an assistant specifically to the Seneschal, handling administrative enforcement rather than clan matters.","administrator,assistant,camarilla,rare,title,whip"
"Seraph","One of the four supreme commanders of the Black Hand. They answer only to the Regent (and technically the Consistory, though this is debated).","black hand,commander,general,sabbat,seraph,title"
"Sermon of Caine","The Sabbat rite of reading from the Book of Nod to remind the pack of their history and holy purpose.","lore,nod,religion,ritual,sabbat,sermon"
"Servire Svetlana Volshebnik","Tremere Elder. Accompanied Tallula to Argentina as her Servire. Reported Tallula's betrayal and death but holds out hope for her survival.","elder,loyal,npc,servire,svetlana,tremere"
"Setites (Ministry)","A clan worshipping the god Set. They act as corrupters and tempters, trading in vice and secrets. They hate the light and are enemies of the other clans (mostly). They recently rebranded as 'The Ministry'.","corrupters,ministry,set,snake worshippers,tempters"
"Sheriff","The martial enforcer of the Prince's laws. They investigate crimes, hunt criminals, and lead the domain's defense in times of war. They often appoint Deputies (Hounds) to assist them.","enforcer,investigator,martial,martial leader,police,police force,prince's sword,title"
"Sheriff Oliver","Nosferatu Ancilla and Sheriff of the domain. Known for his grumpy demeanor and phrases like 'Start shit, get hit'. Missing as of Dec 2024.","law,missing,nosferatu,oliver,sheriff"
"Shimmer (Brujah)","Former Seneschal to Tallula in late 2024/early 2025. Destroyed by Tallula after a failed assassination/coup attempt.","brujah,dead,npc,shimmer,traitor"
"Shovelhead","A slang term for a mass-embraced vampire, created by being drained, fed blood, hit with a shovel, and buried. If they claw their way out, they join the siege. Most die or are destroyed.","cannon fodder,infantry,sabbat,shovelhead,slang,title"
"Siege Commander","A temporary title for the leader (often a Cardinal or Archbishop) directing a siege against a Camarilla city.","general,sabbat,siege commander,temporary,title,war"
"Sire","The vampire who created another. Under the Tradition of Accounting, they are responsible for their childe's education and behavior.","camarilla,creator,parent,sire,teacher,title"
"Sister Tiffany (Elder)","Malkavian Elder (acknowledged May 2025). A former nun and civil rights organizer who served as Harpy from 1992 to 2025. She resigned her post upon reaching Elder status.","elder,harpy,malkavian,npc,nun,tiffany"
"Skill: Dodge","A skill used to evade attacks. A character with this skill can sacrifice their standard action to gain a +2 bonus to one Dodge test pool for the round.","combat,defense,dodge,mechanics,skill"
"Skill: Linguistics","For every dot in this skill, the character is fluent in one additional language. Without it, they only speak their native tongue.","communication,language,linguistics,mechanics,skill"
"Skill: Lore","A skill representing hidden supernatural knowledge. Each dot allows the player to choose a specific category (e.g., Clan Brujah, Noddist History).","knowledge,lore,mechanics,skill,specialization"
"Social Focus: Appearance","A character creation choice. May grant a +3 bonus to related non-power challenges or halve the time required for focus-related actions (e.g., seduction).","appearance,attribute,focus,mechanics,social"
"Social Focus: Charisma","A character creation choice. May grant a +3 bonus to related non-power challenges or halve the time required for focus-related actions (e.g., sweet-talking a group).","attribute,charisma,focus,mechanics,social"
"Social Focus: Manipulation","A character creation choice. May grant a +3 bonus to related non-power challenges or halve the time required for focus-related actions (e.g., spreading lies).","attribute,focus,manipulation,mechanics,social"
"Sorcerer","A caste of Banu Haqim focused on blood magic.","banu haqim,caste,mage,term"
"Southern Hospitality","A Tzimisce pack (Bratovich family) based in Maggie Valley. Known for 'hillbilly horror' tactics.","bratovich,maggie valley,pack,sabbat,tzimisce"
"Sovereign (Passive Effect)","Passive Effect: Award 'Courteous', 'Enforcer', or 'Loyal' without expending. Target limited to one from you at a time. Cannot be openly contradicted in your domain (unless Privileged/Authority).","dominion,granting status,mechanic,passive,sovereign,status"
"Sovereign (Spent Effect)","Spent Effect: Give 'Sanctioned' or 'Forsaken' (Blood Hunt) in a single domain.","blood hunt,mechanic,punishment,sanction,sovereign,spent,status"
"Spearman","A slang term (often derogatory) for a ghoul or low-ranking neonate used as cannon fodder or muscle.","camarilla,muscle,pawn,slang,term"
"Star","9th Gen Salubri of The Satyr Boys. Enigma and Loyalist.","salubri,sabbat,star"
"Star (Salubri)","A mysterious Sabbat Salubri antitribu member of the Satyr Boys. An enigma who fights for the Sword of Caine.","antitribu,healer,sabbat,salubri,star"
"Static Challenge","A test against a fixed difficulty number set by the Storyteller (usually based on the complexity of the task). No opponent is involved.","challenge,mechanics,pve,system,test"
"Status","The currency of social standing in the Camarilla. Traits like 'Acknowledged', 'Ancilla', or 'Elder' define a vampire's rights and influence. Status is granted by the Prince and stripped by the Harpy.","influence,prestige,rank,reputation,social standing"
"Status Perfectus","The founding document of the Anarch Free States in California. It attempted to apply modern democratic principles to vampiric society, rejecting the feudal Prince system.","anarch,california,democracy,history,law,lore"
"Status Quo","The Sabbat faction that seeks to maintain the current power structure of the sect (Lasombra/Tzimisce leadership).","faction,lore,moderate,sabbat,status quo"
"Status Quo (Faction)","A Sabbat member who supports the current balance of power (Lasombra/Tzimisce leadership) and the Code of Milan as it stands.","balance,faction,moderate,political,sabbat,status quo"
"Status: Acclaimed","A Fleeting Status trait. Typically awarded by a Noble (Harpy, Seneschal, or Primogen of your own clan). Represents social praise and recognition.","acclaimed,buff,fleeting,noble,positive,social,status"
"Status: Architect","An Innate Status trait. Derived from the 'Architect of the Tower' Merit. Represents deep structural importance to the Camarilla.","architect,camarilla,conclave,innate,merit,positive,status"
"Status: Ascendant","An Abiding Status trait. Held by Justicars, Inner Circle members, or Imperators. Represents supreme authority.","abiding,ascendant,inner circle,justicar,positive,status,supreme"
"Status: Authority","An Abiding Status trait. Held by the Prince (and sometimes Seneschal/Justicars). Represents the right to rule and judge.","abiding,authority,positive,prince,ruler,status"
"Status: Boonbreaker","The specific Negative Status given by a Harpy to those who fail to repay a debt. Equivalent to Disgraced.","boonbreaker,harpy,negative,punishment,status"
"Status: Commander","An Abiding Status trait. Held by the Prince or higher officers (Justicar, Archon). Represents martial or executive command.","abiding,archon,commander,officer,positive,prince,status"
"Status: Confirmed","An Abiding Status trait. Held by any Ancilla of the Camarilla. Represents being a proven member of society.","abiding,ancilla,confirmed,positive,rank,status"
"Status: Courageous","A Fleeting Status trait. Awarded by a Commander or Authority. Represents bravery and martial capability.","combat,courageous,fleeting,positive,status"
"Status: Courteous","A Fleeting Status trait. Awarded by Prominent (Harpy) or Sovereign (Prince). Represents impeccable etiquette and social grace.","courteous,fleeting,positive,social,status"
"Status: Defender","A Fleeting Status trait. Awarded by an Enforcer (Sheriff/Scourge/Keeper) or Authority. Represents a guardian role.","defender,fleeting,guard,martial,positive,status"
"Status: Disgraced","A Negative Status trait. Awarded by a Guardian (Harpy/Keeper), refusal of Prominent effects, or breaking a Warned censure. Represents social pariah status.","censure,disgraced,negative,punishment,status"
"Status: Enforcer","An Abiding Status (for Officers) or Fleeting Status (if deputized). Held by Sheriff, Scourge, Keeper, or deputies of the Sovereign/Commander. Represents law enforcement.","abiding,enforcer,fleeting,keeper,positive,scourge,sheriff,status"
"Status: Established","An Abiding Status trait. Held by Elders. Represents age, tenure, and entrenched power.","abiding,elder,established,positive,status"
"Status: Favored","A Fleeting Status trait. Awarded by an Established (Elder). Represents being under an Elder's protection.","favored,fleeting,positive,protection,social,status"
"Status: Forsaken","A Negative Status trait. Given by Authority (Prince+). Represents a death sentence (Blood Hunt).","blood hunt,death,forsaken,negative,punishment,status"
"Status: Gallant","A Fleeting Status trait. Gained by fulfilling a boon to someone with 'Social Nobility'. Represents chivalry and honor.","boon,fleeting,gallant,positive,social,status"
"Status: Guardian","An Abiding Status trait. Held by Harpy or Keeper. Represents protection of social or physical norms.","abiding,guardian,harpy,keeper,positive,status"
"Status: Honorable","A Fleeting Status trait. Awarded by Prominent (Harpy) or Authority (Prince). Represents personal integrity.","fleeting,honorable,integrity,positive,social,status"
"Status: Loyal","A Fleeting Status trait. Awarded by Noble, Prestigious Sire, Authority, or Commander. Represents dedication to the sect/domain.","duty,fleeting,loyal,positive,social,status"
"Status: Noble","An Abiding Status trait. Held by Primogen, Whip (acting), Harpy, or Seneschal. Represents high court standing.","abiding,harpy,noble,positive,primogen,seneschal,status"
"Status: Ominous","An Abiding Status trait. Held by the Inner Circle. Represents terrifying, absolute power.","abiding,inner circle,ominous,positive,status"
"Status: Praised","A Fleeting Status trait. Gained by publicly insulting a Disgraced character. Represents social approval for shunning pariahs.","fleeting,insult,positive,praised,social,status"
"Status: Privileged","An Abiding Status trait. Held by Sheriff or Elder. Represents legal immunity and high standing.","abiding,elder,positive,privileged,sheriff,status"
"Status: Profane","The specific Negative Status given by a Keeper of Elysium to those who violate the sanctity of the location.","keeper,negative,profane,punishment,status"
"Status: Prominent","An Abiding Status trait. Held by the Harpy. Represents control over social standing.","abiding,harpy,positive,prominent,status"
"Status: Sanctified","(Distinct from Sanctioned) Often refers to territory made holy or safe, though 'Sanctioned' is the specific status for allowed law-breaking.","holy,safe,status,term"
"Status: Sanctioned","A Fleeting Status trait. Awarded by Sovereign (Prince). Represents a legal exception.","fleeting,legal,pardon,positive,sanctioned,status"
"Status: Sovereign","An Abiding Status trait. Held by the Prince. Represents absolute dominion over the territory.","abiding,positive,prince,sovereign,status"
"Status: Triumphant","A Fleeting Status trait. Gained by killing a Forsaken (Blood Hunted) Kindred. Represents victory.","fleeting,positive,status,triumphant,victory"
"Status: Victorious","A Fleeting Status trait. Gained by winning a Symbel (Status contest). Represents winning.","contest,fleeting,positive,status,symbel,victorious"
"Status: Victorious (Symbel)","The specific Fleeting Status awarded to the winner of a Symbel Ordeal. Allows the winner to refresh spent status.","mechanic,reward,status,symbel,victorious"
"Status: Vulgar","A Negative Status trait. Punished by Privileged (Sheriff) or Noble (Harpy/Seneschal/Primogen). Represents social faux pas.","negative,punishment,social,status,vulgar"
"Status: Warned","A Negative Status trait. Punished by Authority/Enforcer/Guardian or attacking an Elder. Represents a formal warning/probation.","negative,probation,punishment,status,warned"
"Suspire","The final test in a vampire's journey to achieve Golconda. A moment of enlightenment.","enlightenment,golconda,lore,myth,suspire"
"Svetlana Volshebnik","Elder Tremere advisor to the court. Arrived in 1991 to oversee the domain's transition. Acts as a liaison but holds no voting seat.","advisor,elder,magic,svetlana,tremere"
"Sweeper","An Anarch title for a vampire who introduces newcomers to the domain and ensures they know the local rules.","anarch,greeter,lore,role,sweeper,title"
"Symbel","A contest for status, the winner of which receives the 'Victorious' trait.","contest,mechanic,symbel,victorious"
"Symbel Ordeal","A formal contest or tournament used to determine status or appointments in the domain. Winners are often granted the status 'Victorious'.","contest,mechanic,politics,status,symbel"
"Symon Constantine","Character who read cartomancy spreads for the domain. Participated in a Truth or Dare game that threatened E.W. Grove.","fortune teller,mystic,pc,symon"
"Tal'Mahe'Ra","The True Black Hand. A death cult of ancients operating from the Shadowlands. (Deep lore).","death cult,deep lore,shadowlands,true black hand"
"Technique","A unique power created by mixing two disciplines. Accessible to vampires with thinner blood (Neonates/Ancillae) who cannot learn Elder Powers.","combo,mechanics,power,technique,thin blood"
"Technique: Bullseye Shot","A combination of Auspex and Celerity. Allows the user to make a ranged attack with supernatural accuracy, ignoring cover and penalties. Used by Tallula Donegan.","auspex,celerity,combat,combo,discipline,technique"
"Technique: Displacement Aura","A combination of Auspex and Obfuscate. The user appears to be slightly offset from their actual location, making them harder to hit. Used by Tallula Donegan.","auspex,combo,defense,discipline,obfuscate,technique"
"Technique: Fearful Blow","A combination of Potence and Presence. A strike that terrifies the victim, causing them to flee or cower.","combo,discipline,fear,potence,presence,technique"
"Technique: Master of Illusion","A combination of Chimerstry and Auspex. Allows for creating complex, multi-sensory illusions that are difficult to disbelieve.","auspex,chimerstry,combo,discipline,illusion,technique"
"Technique: Quickened Blood","A combination of Celerity and Fortitude. The vampire can spend blood to heal or buff themselves with incredible speed in a single turn.","celerity,combo,discipline,fortitude,speed,technique"
"Technique: Rend Flesh","A combination of Potence and Vicissitude. Allows the user to tear huge chunks of flesh from opponents, causing grievous wounds. Used by Sabbat monsters.","combo,damage,discipline,potence,technique,vicissitude"
"Technique: Vanishing Act","A combination of Obfuscate and Celerity. The user can disappear from plain sight instantly, even while being observed.","celerity,combo,discipline,obfuscate,stealth,technique"
"Technique: Will to Survive","A combination of Fortitude and Willpower. Allows the vampire to ignore wound penalties and stay active even when incapacitated.","combo,discipline,fortitude,survival,technique"
"Tegyrius (Justicar)","The Banu Haqim Justicar. A former Vizier who led the schismatics into the Camarilla.","banu haqim,justicar,leader,npc,tegyrius"
"Templar (Paladin)","An elite Sabbat warrior sworn to protect a Bishop, Archbishop, or Cardinal.","bodyguard,champion,elite warrior,enforcer,lore,paladin,sabbat,sabbat knight,templar,title"
"Terissa Langley","Pack Priest of Yule Tied. 9th Gen Lasombra. Secretly plotting against her sire Lucien with her sister Diana.","lasombra,priest,sabbat,terissa,traitor"
"Test Pool","The total number of traits (Attributes + Skills + Bonuses) a player uses to determine dominance in a challenge. Ties go to the defender/higher pool.","math,mechanics,pool,stats,traits"
"Thaumaturgy: Hands of Destruction","An aggressive path focusing on decay and entropy.","decay,discipline,entropy,thaumaturgy"
"Thaumaturgy: Lure of Flames","The path of creating and controlling fire. Highly dangerous due to Rötschreck.","combat,discipline,fire,thaumaturgy"
"Thaumaturgy: Movement of the Mind","The classic telekinesis path. Lifting objects, flight.","discipline,flight,telekinesis,thaumaturgy"
"Thaumaturgy: Path of Blood","The primary path of the Tremere. Manipulation of vitae itself (boiling, theft, potency).","blood,discipline,thaumaturgy,tremere"
"Thaumaturgy: Path of Caelestikinesis","The path of celestial movement/telekinesis. Used by 'The Knight'.","discipline,movement,telekinesis,thaumaturgy"
"Thaumaturgy: Path of Technomancy","A modern path allowing interaction with computers and machines. Used by xX_DarkRat_Xx.","computers,discipline,tech,thaumaturgy"
"The Amphitheater","The ritual combat arena located within the NC Arboretum Elysium. Used for duels and executions (like the 2001 Brujah Primogen execution).","arboretum,arena,combat,elysium,location"
"The Antediluvians","The progenitors of the thirteen clans, generally of the 3rd Generation. They are god-like beings of immense power sleeping in the earth. Their waking is the harbinger of Gehenna.","3rd generation,ancients,clan founders,gods,sleeping threats"
"The Arena (Arboretum)","A specific area within the North Carolina Arboretum designed for Kindred to settle disputes via physical combat. A holdover from Sabbat 'Games of Instinct' that was tolerated by the Camarilla until the location's retirement as Elysium in June 2025.","arboretum,arena,combat,history,location,sabbat remnant"
"The Baronies","The territories within an Anarch Free State, ruled by individual Barons.","anarch,barony,lore,structure,territory"
"The Beast","The primal, predatory drive within every vampire that urges them to kill, feed, and destroy. It is the source of frenzy and the enemy of Humanity.","hunger,instinct,monster within,predator,rage"
"The Biltmore Estate","A forbidden territory within Greater Asheville. By ancient treaty with the Lupines (Werewolves), no Kindred is permitted to enter the grounds. It was formerly the haven of Prince Evander before his destruction. Breaching this boundary acts as a declaration of war against the shifters.","biltmore,danger,forbidden,forbidden zone,location,lupine territory,lupines,treaty violation,ventrue,werewolves"
"The Black Hand (Faction)","A secret military sub-sect within the Sabbat. They are the special forces of the Sword of Caine, dedicated to the most dangerous missions and the protection of the sect's oldest secrets.","black hand,military,sabbat,secret,special forces,title"
"The Book of Nod","The sacred text of the Kindred (specifically Noddists and the Sabbat), detailing the history of Caine, the First City, and the prophecy of Gehenna. The Camarilla often suppresses it as dangerous superstition.","caine's history,gehenna,noddist lore,prophecy,scripture"
"The Camarilla (The Ivory Tower)","The dominant sect of vampires in the Western world. They enforce the Masquerade and the Traditions to hide from humanity and preserve their existence. They are a gerontocracy ruled by the oldest vampires.","government,hierarchy,ivory tower,masquerade,sect,traditions"
"The Circulatory System","A global human trafficking network used by vampires to transport vessels and rare blood types. Hints of its presence in Asheville's underworld.","blood,crime,lore,network,trafficking"
"The City of Enoch","The First City, built by Caine and his childer. A place where mortals and vampires lived in peace before the Great Deluge destroyed it. Caine ruled here as King.","caine,deluge,enoch,first city,history,lore"
"The Cobweb","The Malkavian Madness Network. A shared psychic consciousness connecting all Malkavians. Called 'The Madness Network' in the logs.","hive mind,lore,malkavian,network,psychic"
"The Consistory","The governing council of the Sabbat, comprised of Cardinals and Prisci. They advise the Regent and help steer the Sword of Caine.","consistory,council,government,leadership,sabbat,title"
"The Directorate","A term sometimes used for the Ventrue board of elders who direct clan policy within a city or region.","board,camarilla,directorate,leadership,term,ventrue"
"The Fifth Tradition: Hospitality","The courtesy of travel and introduction. Kindred entering a new domain must present themselves to the Prince or their proxy (usually the Sheriff or Seneschal) to acknowledge their authority and request the right to remain. In Asheville, this presentation is often done at Elysium or directly to the Seneschal, Big Ben, prior to his disappearance.","fifth tradition,foreigners,guest rights,hospitality,politeness,presentation,travel"
"The First Tradition: The Masquerade","The defining law of the Camarilla and the foundation of modern Kindred survival. It commands that vampires must not reveal their true nature to those not of the Blood. Doing so forfeits one's rights of Domain and usually their life. In the modern nights of the Second Inquisition, this Tradition is enforced with paranoid absolute zero-tolerance.","camarilla law,first tradition,hiding,masquerade,mortal ignorance,secrecy"
"The Fourth Tradition: The Accounting","The law of responsibility. Until a Childe is released (acknowledged) by their Sire, the Sire commands them and bears the burden of their sins. If a Childe breaches the Masquerade or insults an Elder, the Sire suffers the punishment. This period of tutelage ensures new Kindred understand the nuances of the Jyhad before being granted independent status.","accountability,fourth tradition,release,responsibility,sire and childe,tutelage"
"The Golden Rules of LARP","The foundational social contract of the game: Be Safe, Be Polite, and 'It's Not Real'. Includes the rules of 'No Touching' and 'No Stunts'.","etiquette,golden rules,meta,rules,safety"
"The Great Prank","The event in the late 20th century where the Malkavian Elders restored the discipline of Dementation to the clan, replacing Dominate for most members.","change,dementation,history,lore,malkavian,prank"
"The Harpy","The master of Elysium's social court (distinct from the Keeper). They record boons, announce status, and judge scandals. A Harpy's word can ruin a vampire's social life.","boon recorder,gossip,judge,socialite,status keeper"
"The Harpy's Ledger","The record of boons and status maintained by the Harpy.","boons,harpy,item,records,status"
"The Hex","A Nocturne Rock band pioneered by Zephyr. Their music has been suppressed and scrubbed from the internet.","band,hex,music,nocturne rock,zephyr"
"The Hushed Puppies","A Sabbat pack focused on transportation and criminal organizations. Led by Big Bird.","criminal,hushed puppies,pack,sabbat,transport"
"The Independent Alliance","A faction (Setites, Giovanni, etc.) that ratified a decision in Las Vegas (Sept 2025) to attack the Sabbat.","alliance,faction,independent,politics,war"
"The Ivory Tower","Metaphor for the Camarilla.","camarilla,metaphor,name,term"
"The Jyhad","The eternal, secret war played out between the Antediluvians and Methuselahs, using younger vampires as pawns. It is the great game of manipulation that defines Kindred history.","eternal struggle,great game,manipulation,puppet show,war of ages"
"The Keeper of Elysium","The court officer responsible for the physical safety and maintenance of Elysium. They have the authority to confiscate weapons and expel troublemakers from the safe zone.","elysium guard,event planner,host,pacifist enforcer,safety officer"
"The Masquerade","The First Tradition. The imperative to keep the existence of Kindred secret from mortals. Breaches are punished severely.","masquerade,secrecy,silence,tradition"
"The Promise of 1528","The non-interference treaty between the Camarilla and Clan Giovanni. The Giovanni agreed to stay out of sect politics in exchange for sovereignty over Venice and free trade.","1528,camarilla,giovanni,history,lore,treaty"
"The Prometheans","A faction within the Anarch Free State (referenced in 'Lore Bits'). They use 'Muses' as spies to keep the Camarilla out.","anarch,faction,lore,prometheans,spies"
"The Rack","The prime feeding grounds of a city, usually the club district or red-light district. Access to the Rack is a privilege granted by the Prince or Seneschal.","club district,easy feeding,hunting ground,prime territory,privilege"
"The Red List","A list of the most wanted criminals in the Camarilla. Vampires on this list are 'Anathema' and must be destroyed by any Camarilla member on sight.","anathema,bounty,camarilla,law,lore,red list"
"The Red Question","An Anarch philosophical movement questioning the need for Elders and the Traditions.","anarch,lore,philosophy,rebellion"
"The Red Star","Also known as Antares. Its appearance in 1999 signaled the beginning of the Nights of Turmoil and was interpreted as the Eye of Gehenna.","event,gehenna,history,lore,sign"
"The Red Star (1999)","A celestial event in the World of Darkness that signaled the beginning of the Gehenna Time. Prompted Tallula to crack down on Gehenna cults in Asheville.","1999,event,gehenna,history,sign"
"The Red Star (Event)","The appearance of the red star Antares in 1999, signaling the Gehenna Time and prompting Tallula's crackdown.","1999,gehenna,history,omen,red star"
"The Sabbat (The Sword of Caine)","A sect of vampires who reject the Masquerade and believe they should rule over humanity as gods. They are sworn enemies of the Antediluvians and the Camarilla. They practice the Vaulderie (blood sharing) to break blood bonds and create pack loyalty.","antagonists,inhuman,monsters,sect,sword of caine,vaulderie"
"The Scourge","A court official responsible for thinning the population of the domain. They hunt down Caitiff, unauthorized childer, and Thin-bloods to keep the vampire population sustainable and pure.","caitiff slayer,court officer,killer,population control,thin-blood hunter"
"The Second City","Built by the Antediluvians after the Flood in defiance of Caine. It was rife with betrayal and eventually destroyed when the Brujah founder Troile committed diablerie against their sire.","antediluvians,betrayal,history,lore,second city"
"The Second Tradition: The Domain","The law governing territory and respect within a Prince's city. It dictates that a Kindred's haven is their castle, sovereign and inviolate to others without invitation. In Greater Asheville, this extends to specific Feeding Territories assigned by the Seneschal, where poaching is considered a violation of the Second Tradition.","feeding rights,haven,second tradition,sovereignty,territory,trespassing"
"The Seneschal","The Prince's right hand and administrator. They handle the boring details of ruling, manage schedules, and stand in for the Prince when they are unavailable.","administrator,deputy prince,manager,second in command,secretary"
"The Shadow Curtain","A mystical barrier erected by the Nosferatu Methuselah Baba Yaga over Eastern Europe (Russia), isolating it from the rest of the vampiric world for decades.","baba yaga,history,lore,magic,nosferatu,russia"
"The Sheriff","The martial enforcer of the Prince's laws. They investigate crimes, hunt criminals, and lead the domain's defense in times of war. They often appoint Deputies (Hounds) to assist them.","enforcer,investigator,martial leader,police,prince's sword"
"The Sixth Tradition: Destruction","The right of life and death, reserved solely for the Elder (the Prince). No Kindred is permitted to destroy another of their kind without the sanction of the Prince, known as the Blood Hunt or Lextalionis. This tradition prevents the domain from descending into chaos and vendetta, concentrating the monopoly of violence in the hands of the ruler.","blood hunt,killing,lextalionis,murder,prince's right,sixth tradition"
"The Southern Lords","A historical sect of powerful vampires in the Southeast during the Civil War. They controlled the Dahlonega Mint gold. Tallula Donegan fought against them.","antagonist,civil war,faction,history,lore"
"The Sword of Caine","A moniker for the Sabbat, the sect that formerly held Asheville. They believe in the supremacy of vampires over humanity and the rejection of the Masquerade.","enemy,metaphor,name,sabbat,sect,sword of caine,term"
"The Third Tradition: The Progeny","The restriction on creating new vampires. It mandates that a Kindred must have the permission of their Elder (the Prince) to sire. Creating a childe without permission is a capital offense, often resulting in the destruction of both the sire and the unauthorized neonate. In Asheville, Prince Tallula was known to grant this right sparingly, often as a reward for significant service.","creation,embrace,permission,population control,progeny,siring,third tradition"
"The Tower","A moniker for the Camarilla, the sect currently holding power in Asheville. Dedicated to the Traditions and the preservation of the Masquerade.","camarilla,ivory tower,sect,tower"
"The Weather","A pirate radio show for Kindred hosted by the reclusive Nosferatu Ken Dances. Broadcasts news, songs, and coded messages.","ken dances,media,nosferatu,radio,weather"
"The Weather (Radio Show)","A pirate radio broadcast hosted by the reclusive Nosferatu Ken Dances. It serves as a news source and coded communication network for the Kindred of Asheville. The show features an eclectic mix of music and cryptic warnings about hunters, Sabbat movements, and masquerade breaches.","coded messages,communication network,ken dances,nosferatu media,pirate radio"
"The Week of Nightmares (2004)","The waking of the Ravnos Antediluvian. It resulted in the destruction of the clan and a psychic backlash. Mentioned in regional history.","2004,apocalypse,event,history,ravnos"
"The Zeitgeist","The narrative direction of the chronicle, which focuses on growing past Sabbat traditions. Characters seeking to return to the Sabbat are noted to be at odds with the fundamental themes of the game.","direction,meta,narrative,sabbat,theme"
"Theo Bell (Justicar)","The Brujah Justicar. Famous for killing Hardestadt. Represents the 'Loyalist' Brujah.","brujah,justicar,leader,npc,theo bell"
"Thin-Blood Alchemy","A new discipline developed by 14th/15th Gen vampires. Allows them to brew potions with specific powers. Viewed with suspicion by the Tower.","alchemy,discipline,new magic,thin-blood"
"Thin-blood","A vampire of the 14th or 15th generation. Their blood is too weak to embrace properly or fuel disciplines efficiently. They are viewed as harbingers of Gehenna and are often hunted by the Scourge.","14th gen,15th gen,daywalker,omen,weak blood"
"Title: Talon","A specific title used by the Harpy (Sister Tiffany/Bugs) to designate their deputies or favored agents of the month.","deputy,harpy,status,talon,title"
"Torpor","The death-sleep of vampires. When injured severely or starved, a vampire enters a coma-like state that can last from days to centuries. Ancient vampires sleep in torpor to wait out the ages.","coma,healing,hibernation,sleep,stasis"
"Touchstone","A human that grounds a vampire's Humanity. Losing a touchstone often leads to immediate degeneration or frenzy.","grounding,humanity,mechanics,npc,roleplay"
"Treaty of Alliance","A modern pact between the Giovanni and the Followers of Set (The Ministry), creating the Independent Alliance. It outlines shared territory and mutual defense.","alliance,history,independent,lore,treaty"
"Treaty of the Land of the Sky","The 1991 agreement that established the Camarilla Praxis in Asheville, overseen by the Tremere.","1991,camarilla,history,law,treaty"
"Treaty of the Land of the Sky (1991)","The founding document of the Camarilla domain, overseen by Elder Volshebnik. It granted seats to 7 clans and established the Basilica as Elysium.","1991,constitution,law,lore,treaty"
"Trinity","Gargoyle member of 150 Guns.","gargoyle,sabbat,trinity"
"Tristan de Lovette","Toreador Elder and Whip. A master of the social game and a manipulator of emotions. Tristan ensures the Toreador remain at the pinnacle of the city's social hierarchy.","elder,manipulator,pc,politician,social master,toreador whip,tristan"
"Trophy","The physical mark (tattoo) carried by an Alastor, identifying them as a hunter of the Red List.","alastor,camarilla,lore,mark,trophy"
"True Brujah","A bloodline claiming to be the true descendants of the Antediluvian Brujah, viewing the main clan as rebels who killed their sire. They master Time (Temporis).","bloodline,brujah,lore,temporis,time,true brujah"
"True Sabbat","A vampire who has proven themselves to the sect (usually after surviving their Creation Rites and first siege). They are full members with the right to speak in council.","citizen,member,proven,sabbat,status,true sabbat"
"Triumphant (Passive Effect)","Passive Effect: Special privileges at gatherings (seating, notice). Right to feed in any sect domain (reduces feed actions by 1, min 0).","feeding,mechanic,passive,privilege,status,triumphant"
"Triumphant (Spent Effect)","Spent Effect: Ignore the censure of all negative status for one hour. Works even if negative status would normally prevent using status.","breakout,immunity,mechanic,spent,status,triumphant"
"Twist","Ductus of Murder Piñata. 8th Gen Nosferatu. Rumored to be the Sabbat alter-ego of Sheriff Oliver.","double agent,nosferatu,oliver,sabbat,twist"
"Twist (Bishop)","Nosferatu antitribu. The Sabbat Bishop of Information in the new Mallori Mayhem Archdiocese.","bishop,information,nosferatu,npc,sabbat,twist"
"Type-D Aegis","A bio-engineered war ghoul or construct used by the Anarch Free State. Made of Toreador and Tzimisce vitae. Immune to blood magic but unstable.","anarch,construct,creature,fleshcraft,weapon"
"Tyrell Jackson","Former Ventrue Primogen. Sports lover and 'average guy'. Ashes recovered Jan 2025.","dead,primogen,tyrell,ventrue"
"Tyrell Jackson (Deceased)","Ventrue Ancilla and former Primogen. Ashes recovered Jan 4, 2025. A sports fan who prided himself on being an 'average guy'.","dead,npc,primogen,sports,tyrell jackson,ventrue"
"Tzimisce Voivode","An honorary title for a powerful Tzimisce elder, respecting their clan's feudal roots.","elder,lord,sabbat,title,tzimisce,voivode"
"Ultra-Conservative (Faction)","A Sabbat member who believes the sect needs strict military discipline and centralization to win the Gehenna War. They support the Regent and the hierarchy.","authoritarian,faction,military,order,sabbat,ultra-conservative"
"Ultra-Conservatives","A Sabbat faction that favors strict centralization and military discipline to win the Gehenna War.","conservative,faction,lore,military,sabbat"
"Ulugh Begh (Justicar)","The Tremere Justicar. Known for a hardline stance against the Sabbat. His Archon Ferrum Civis died in Asheville.","justicar,leader,npc,tremere,ulugh begh"
"Unacknowledged","A vampire who has not been presented to or accepted by the Prince. They are effectively non-citizens and have no protection under the Traditions.","camarilla,outcast,status,unacknowledged,vulnerable"
"Unacknowledged Feeding","The specific prohibition against allowing Unacknowledged Kindred to feed within a Clan's assigned territory. It is the Clan's responsibility to police this, not just the Sheriff's.","feeding,law,policing,rules,unacknowledged"
"Unsteady Truce (1914)","The agreement between Sabbat and Lupines.","1914,history,lupines,truce"
"Ursula Walker","Gangrel Ancilla and the current Seneschal of Greater Asheville. She manages the day-to-day operations of the domain, the allocation of feeding rights, and the granting of Havens. She is a pragmatic stabilizer in a chaotic court.","administrator,gangrel,pragmatist,second in command,seneschal ursula"
"Vaulderie","The defining rite of the Sabbat. A communal blood-drinking ritual that breaks existing blood bonds and creates a 'Vinculum' (loyalty tie) to the pack.","blood bond,blood sharing,bond breaking,lore,loyalty creation,ritual,sabbat,sabbat ritual,vaulderie"
"Victorious (Passive Effect)","Passive Effect: On the night gained, others can give you positive status without expending their own traits.","buff,magnet,mechanic,passive,status,victorious"
"Victorious (Spent Effect)","Spent Effect: Immediately regain a status you just spent, or remove 'Warned' from self or another in the jurisdiction where won.","mechanic,pardon,refresh,spent,status,victorious"
"Vincent's Ear","A popular dive bar and music venue, frequent haunt for counter-culture Kindred. Site of Zephyr's last show.","bar,club,location,music,vincents ear"
"Vinculum","The bond created by the Vaulderie. It is a web of loyalty varying in strength, binding a pack together emotionally.","artificial love,loyalty,pack bond,sabbat tie"
"Vitae","The blood of a vampire. It is charged with supernatural energy, fueling disciplines, healing wounds, and waking the dead body each night.","energy,fuel,life force,power,vampire blood"
"Vittoria Pistone","Malkavian Ancilla. Has a 'Boss' in her head. Wears a dress and carries a rifle. Known for the tattoo 'Be gay, do crimes, take no shit'.","boss,guns,malkavian,pc,vittoria"
"Vizier","A caste of Banu Haqim focused on administration and scholarship (e.g., Magda Doluda).","banu haqim,caste,scholar,term"
"Vulgar (Censure)","Censure: All Fleeting Status traits are lost immediately for the night. Cannot gain new Fleeting Status for the night. Lasts one night.","block,censure,mechanic,status,strip,vulgar"
"Vulgar (Punishment)","Punishment: If a second 'Vulgar' is received while holding one, it upgrades automatically to 'Warned'.","mechanic,status,upgrade,vulgar,warned"
"Wall Street Tunnels","A network of tunnels underneath Wall Street in Asheville, emphasized as being more extensive and dangerous in the World of Darkness setting than in the real world.","geography,location,nosferatu,tunnels,wall street,warrens"
"War Party","A Sabbat rite where a pack hunts a specific potent enemy (usually an Elder) to diablerize them.","hunt,lore,ritual,sabbat,war party"
"War Party Leader","A temporary title for a vampire leading a 'War Party' hunt. They have absolute authority during the hunt.","hunt,leader,sabbat,temporary,title,war party"
"War with Lupines (1900)","The first major war securing the domain.","1900,history,lupines,war"
"Warned (Breach)","Breach: If censure is broken, gain 'Disgraced' in addition to 'Warned'.","breach,disgraced,mechanic,status,warned"
"Warned (Censure)","Censure: Cannot speak to officers in public unless spoken to. Cannot contradict officers. Can apologize (Minor Boon) to avoid breaking censure. May have alternate physical punishments (loss of finger, brand).","censure,mechanic,restriction,silence,status,warned"
"Warned (Duration)","Duration: Lasts 2 games or 1 month. If received again while active, duration extends by 2 games/1 month.","duration,mechanic,stacking,status,warned"
"Warrior","A caste of Banu Haqim focused on combat (e.g., Daveed Fourié).","banu haqim,caste,fighter,term"
"Wassail","The final frenzy where the vampire loses all Humanity and the Beast takes over permanently. The vampire becomes a Wight.","beast,beast win,final frenzy,game over,loss of soul,mechanics,state,wassail,wight"
"Waynesville","Outlying town mentioned as a Sabbat stronghold.","location,sabbat,territory,waynesville"
"Week of Nightmares (1999)","The apocalyptic event in Bangladesh where the Ravnos Antediluvian awoke. The resulting psychic backlash drove the Ravnos clan mad, leading to their near-extinction.","1999,apocalypse,history,lore,ravnos,week of nightmares"
"Whip","The assistant to a Primogen. They act as a whip-cracker to keep the clan members in line and ensure the Primogen's orders are followed. They are often younger, ambitious Ancillae.","assistant,clan enforcer,junior leader,primogen's aide"
"Wight","A vampire who has undergone Wassail. They are mindless, language-less monsters who exist only to feed. They are hunted down by all sects.","beast,fallen,kill on sight,mindless,monster"
"Wild Hunt","A Sabbat rite where the sect hunts down a traitor who has revealed Sabbat secrets. The traitor is usually staked and burned.","justice,lore,ritual,sabbat,wild hunt"
"Wild Hunt Leader","A temporary title for a vampire leading a 'Wild Hunt' against a traitor. They are deputized to destroy the target by any means necessary.","executioner,leader,sabbat,temporary,title,wild hunt"
"Winter","Ductus of 150 Guns. 9th Gen Pander. Serves as the official Emissary to the Camarilla.","ductus,emissary,pander,sabbat,winter"
"Winter (Destroyed)","Toreador antitribu. Former Sabbat Emissary. Slain May 3, 2025. Ductus of the 150 Guns pack.","dead,emissary,npc,sabbat,toreador,winter"
"Witch Hunt","A Sabbat pack united by hatred of Tremere. Led by Ductus Dire (Gargoyle).","gargoyle,hate,pack,sabbat,tremere"
"Wraith","The ghost of a dead human. They exist in the Shadowlands. Necromancers (Giovanni/Tremere) can bind or bargain with them for information and spying.","dead soul,ghost,haunting,shadowlands,spirit"
"Yule Tied","A Lasombra Sabbat pack based at Montreat College in Black Mountain. Led by Lucien Blake.","black mountain,lasombra,montreat,pack,sabbat"
"Zelda Fitzgerald","Pack Priest of Old Guard. 10th Gen Toreador antitribu. Childe of Tallula Donegan and Bishop of Spirituality.","artist,fitzgerald,sabbat,toreador,zelda"
"Zelda Fitzgerald (Asylum Seeker)","Toreador Childe of Tallula Donegan. Formerly the Sabbat Bishop of the Arts and Emissary. She sought asylum with the Camarilla on August 2nd, 2025, after Mallori Mayhem's rise.","asylum,fitzgerald,npc,sabbat defector,toreador,zelda"
"Zeno","Lasombra Ancilla. Represented by 'Zolani'. Currently on hold.","ancilla,lasombra,pc,zeno"
"Zephyr","Singer of The Hex. Staged a Masquerade breach and fire at Crossroads Studio in 2025. Presumed dead (or hunter).","breach,hunter,npc,singer,zephyr"
"Zephyr's Breach (March 2025)","The massive Masquerade breach at Crossroads Studio caused by the singer Zephyr. Resulted in a fire and significant scrutiny.","2025,breach,crossroads,fire,history,zephyr"
"funnyM0rray","Former Nosferatu Primogen. Neonate fandom lover. Missing as of Dec 2024.","missing,neonate,nosferatu,primogen"
"funnyM0rray (Missing)","Nosferatu Neonate and former Primogen. Missing since Dec 7, 2024. A darling of the domain known for her love of fandoms.","fandom,funnym0rray,missing,nosferatu,npc,primogen"
"xX_DarkRat_Xx","Nosferatu Neonate and Keeper of Elysium. A tech-savvy Nosferatu who maintains the security and sanctity of the domain's meeting places. They utilize modern surveillance to monitor Elysium for breaches.","darkrat,hacker,keeper of elysium,nosferatu,security"
